text,sentence,create_at,ner_time,ner_gpe,ner_fac,stand_time,stand_time_status,stand_loc,stand_loc_status,lng-bd09,lat-bd09,lng-wgs84,lat-wgs84,street_id
       东营全市上下认真学习市委六届七次全体会议精神      “很不平凡”的2019年在实干笃行中结束，更加精彩的2020年在继续努力奔跑中拉开序幕。       市委六届七次全体会议指出，过去一年，全市各级及广大党员干部担当作为、狠抓落实，对标先进、比学赶超，纵深推进全面从严治党，加快推进高质量发展，建设现代化湿地城市，统筹做好稳增长、促改革、调结构、惠民生、防风险、保稳定各项工作，推动新时代东营发展取得了新进展、新成效。会后，全市各级各部门认真学习会议精神，纷纷表示将坚定信心、砥砺前行，为建设富有活力的现代化湿地城市贡献力量。       凡事预则立，不预则废。建设富有活力的现代化湿地城市，离不开高层次谋划。过去一年里，市自然资源局作为牵头单位，坚持规划引领，打造湿地城市特色。深入开展东营市国土空间规划编制，科学划定永久基本农田和生态保护红线，确定城市开发边界，着力构建以湿地为核心的生态安全格局。编制《东营市湿地保护修复总体规划（2018-2035年）》，完善以自然保护区、湿地公园、湿地保护小区为主题的保护模式，确立了新增湿地保护面积4万公顷、湿地保护率达60%的目标任务，对今后一个时期湿地保护与修复工作进行总体布局。深入推进《湿地城市总体设计方案》实施，聚力河、海、湖、湿地、城等要素，推动自然保护区、滨海、沿黄等重要区域的原生湿地景观提升，构建中心城区“两带、三河、五片、多点”湿地结构。2020年，市自然资源局将牢固树立“规划科学是最大的效益”理念，提高规划科学性、体现规划前瞻性、保持规划连续性，编制国土空间总体规划，确保“一张蓝图绘到底”，高效合理配置各类空间资源，为高质量发展、高品质生活提供优质载体。       北二路沿线及金湖银河片区综合开发PPP项目开工；东八路生态环境综合整治项目完成湿地修复20.36万平方米；作为全省唯一城市，我市顺利通过国家生态园林城市现场考查……过去一年，我市按照“精明增长”“精致城市”的理念，建设居住之城、生活之城、工作之城，全力推动住房和城乡建设管理事业持续健康发展，取得了新成效、新进展。市委六届七次全体会议的召开，更提振了全市上下建设现代化湿地城市的信心。下一步，市住房城建管理局将抓住黄河流域生态保护和高质量发展上升为重大国家战略的历史机遇，重点实施“三抓两提一改善”行动，抓城市更新、精细管理和行业发展，提升城市品质和人居环境，改善群众住房条件，奋力开创全市住房和城乡建设管理事业新局面。       在东营区一处街头游园里，小桥流水、滑梯木凳、树木掩映，吸引了大量周边居民前来休闲娱乐。这得益于我市2019年加快湿地城市和无内涝城市建设，因地制宜规划建设湿地公园、湿地生态廊道、小微湿地精品。市水务局局长陈步科表示，作为重要责任部门，市水务部门将落实好担负的各项职责任务。坚持规划引领，推动《东营市全面建设生态城市“五水统筹”治理规划》等顶层设计落地落实，为湿地城市建设提供水资源保障；组织实施全市城乡居民饮水质量提升工程，让市民都能喝上满足106项指标要求的“优质放心水”；加快推进水生态修复，持续提升水环境，继续推进广利河、溢洪河流域水环境治理；实现中心城水系循环，坚持多建河道、少建管道，完善“九横十纵”的中心城水网格局，连通河、湖、湿地；加快建设“无内涝城市”，继续实施中心城14条水系贯通等改造工程；抓好天鹅湖城市湿地工程建设，增加蓄洪能力4000万方，实现雨洪水资源有效利用，利于解决城市内涝，全力打造集“蓄洪、生态、旅游、人文、景观”于一体的城市湿地风景区。       “去年，我们积极落实‘湿地城市建设’三年行动计划方案要求，制定了《加强规划引领提升城市建设品质的实施意见》，新建道路6条、5.7公里，新建、维修雨污管网260公里，改造积水点24处，改造油田老旧小区58个，全面完成了东营河及北二路迁占工作。”东营区相关负责人介绍道。为了进一步彰显“蓝绿交织、清新明亮，湿地在城中、城在湿地中”的城市风貌，东营区将加快建设无内涝城市，统筹推进西一路等6条水系贯通、14处积水点改造、36个小区雨水就近入河、50.6公里雨污管网、8座泵站等工程建设。充分发挥湿地优势，稳步推进耿井湿地建设，规划建设一批湿地公园、湿地小区、湿地廊道、小微湿地，把田园生活引入城市。同时，精心做好城市园林绿化，改造提升城区公园，稳步实施“拆墙透绿”工程，处理好水与湿地、绿与湿地的关系，依托道路、湿地、水系、绿地打造城市景观廊道。       2019年，是交通基础设施建设跨越发展的一年。东营港疏港铁路试运行；长深高速公路广饶至高青段、东青高速何官互通立交工程建成通车；济南至高青高速公路、东营港4个10万吨级深水泊位开工建设；津潍（烟）铁路完成可研鉴修审查，已被省政府列为明年确保开工高铁项目；东营胜利机场通航城市达到15个……东营交通瓶颈制约正在快速破解，交通基础设施建设在东营发展进程中扮演了重要角色。行动早方能赢得主动，市交通运输局表示，将高质量开展“交通基础设施建设”三年行动计划，2020年—2022年，计划实施总投资1029亿元的67个重点交通项目，优先推进发展最急需、群众最期盼、现在有能力干好的项目，突出抓好京沪二线、济南至高青高速公路、东青高速改扩建、东营港10万吨级航道及深水泊位、25万吨级单点系泊码头、小清河复航等一批事关东营当前和长远发展的交通基础设施项目，力争通过3—5年时间，构建起较为完善的对外综合交通体系，提升东营交通战略地位，为推动新时代东营高质量发展提供强有力的交通支撑。（记者 郑靖靖 李怀苹）,['       东营全市上下认真学习市委六届七次全体会议精神      “很不平凡”的2019年在实干笃行中结束，更加精彩的2020年在继续努力奔跑中拉开序幕。       市委六届七次全体会议指出，过去一年，全市各级及广大党员干部担当作为、狠抓落实，对标先进、比学赶超，纵深推进全面从严治党，加快推进高质量发展，建设现代化湿地城市，统筹做好稳增长、促改革、调结构、惠民生、防风险、保稳定各项工作，推动新时代东营发展取得了新进展、新成效。会后，全市各级各部门认真学习会议精神，纷纷表示将坚定信心、砥砺前行，为建设富有活力的现代化湿地城市贡献力量。       凡事预则立，不预则废。建设富有活力的现代化湿地城市，离不开高层次谋划。过去一年里，市自然资源局作为牵头单位，坚持规划引领，打造湿地城市特色。深入开展东营市国土空间规划编制，科学划定永久基本农田和生态保护红线，确定城市开发边界，着力构建以湿地为核心的生态安全格局。编制《东营市湿地保护修复总体规划（2018-2035年）》，完善以自然保护区、湿地公园、湿地保护小区为主题的保护模式，确立了新增湿地保护面积4万公顷、湿地保护率达60%的目标任务，对今后一个时期湿地保护与修复工作进行总体布局。深入推进《湿地城市总体设计方案》实施，聚力河、海、湖、湿地、城等要素，推动自然保护区、滨海、沿黄等重要区域的原生湿地景观提升，构建中心城区“两带、三河、五片、多点”湿地结构。2020年，市自然资源局将牢固树立“规划科学是最大的效益”理念，提高规划科学性、体现规划前瞻性、保持规划连续性，编制国土空间总体规划，确保“一张蓝图绘到底”，高效合理配置各类空间资源，为高质量发展、高品质生活提供优质载体。       北二路沿线及金湖银河片区综合开发PPP项目开工；东八路生态环境综合整治项目完成湿地修复20.36万平方米；作为全省唯一城市，我市顺利通过国家生态园林城市现场考查……过去一年，我市按照“精明增长”“精致城市”的理念，建设居住之城、生活之城、工作之城，全力推动住房和城乡建设管理事业持续健康发展，取得了新成效、新进展。市委六届七次全体会议的召开，更提振了全市上下建设现代化湿地城市的信心。下一步，市住房城建管理局将抓住黄河流域生态保护和高质量发展上升为重大国家战略的历史机遇，重点实施“三抓两提一改善”行动，抓城市更新、精细管理和行业发展，提升城市品质和人居环境，改善群众住房条件，奋力开创全市住房和城乡建设管理事业新局面。       在东营区一处街头游园里，小桥流水、滑梯木凳、树木掩映，吸引了大量周边居民前来休闲娱乐。这得益于我市2019年加快湿地城市和无内涝城市建设，因地制宜规划建设湿地公园、湿地生态廊道、小微湿地精品。市水务局局长陈步科表示，作为重要责任部门，市水务部门将落实好担负的各项职责任务。坚持规划引领，推动《东营市全面建设生态城市“五水统筹”治理规划》等顶层设计落地落实，为湿地城市建设提供水资源保障；组织实施全市城乡居民饮水质量提升工程，让市民都能喝上满足106项指标要求的“优质放心水”；加快推进水生态修复，持续提升水环境，继续推进广利河、溢洪河流域水环境治理；实现中心城水系循环，坚持多建河道、少建管道，完善“九横十纵”的中心城水网格局，连通河、湖、湿地；加快建设“无内涝城市”，继续实施中心城14条水系贯通等改造工程；抓好天鹅湖城市湿地工程建设，增加蓄洪能力4000万方，实现雨洪水资源有效利用，利于解决城市内涝，全力打造集“蓄洪、生态、旅游、人文、景观”于一体的城市湿地风景区。       “去年，我们积极落实‘湿地城市建设’三年行动计划方案要求，制定了《加强规划引领提升城市建设品质的实施意见》，新建道路6条、5.7公里，新建、维修雨污管网260公里，改造积水点24处，改造油田老旧小区58个，全面完成了东营河及北二路迁占工作。”东营区相关负责人介绍道。为了进一步彰显“蓝绿交织、清新明亮，湿地在城中、城在湿地中”的城市风貌，东营区将加快建设无内涝城市，统筹推进西一路等6条水系贯通、14处积水点改造、36个小区雨水就近入河、50.6公里雨污管网、8座泵站等工程建设。充分发挥湿地优势，稳步推进耿井湿地建设，规划建设一批湿地公园、湿地小区、湿地廊道、小微湿地，把田园生活引入城市。同时，精心做好城市园林绿化，改造提升城区公园，稳步实施“拆墙透绿”工程，处理好水与湿地、绿与湿地的关系，依托道路、湿地、水系、绿地打造城市景观廊道。       2019年，是交通基础设施建设跨越发展的一年。东营港疏港铁路试运行；长深高速公路广饶至高青段、东青高速何官互通立交工程建成通车；济南至高青高速公路、东营港4个10万吨级深水泊位开工建设；津潍（烟）铁路完成可研鉴修审查，已被省政府列为明年确保开工高铁项目；东营胜利机场通航城市达到15个……东营交通瓶颈制约正在快速破解，交通基础设施建设在东营发展进程中扮演了重要角色。行动早方能赢得主动，市交通运输局表示，将高质量开展“交通基础设施建设”三年行动计划，2020年—2022年，计划实施总投资1029亿元的67个重点交通项目，优先推进发展最急需、群众最期盼、现在有能力干好的项目，突出抓好京沪二线、济南至高青高速公路、东青高速改扩建、东营港10万吨级航道及深水泊位、25万吨级单点系泊码头、小清河复航等一批事关东营当前和长远发展的交通基础设施项目，力争通过3—5年时间，构建起较为完善的对外综合交通体系，提升东营交通战略地位，为推动新时代东营高质量发展提供强有力的交通支撑。（记者 郑靖靖 李怀苹）'],2020-01-02 13:48:27,[],"['东营', '东营', '东营市', '东营市', '东营区', '东营市', '东营区', '东营区', '耿井', '东营', '东营', '沪', '东营', '东营', '东营']","['北二路', '东八路', '北二路', '西一路', '东营港疏港铁路', '长深高速公路', '东青高速何官互通', '济南至高青高速公路', '东营港', '津潍（烟）铁路', '东营胜利机场', '京', '济南', '高青高速公路', '东青', '东营港', '小清河复航']",2020-01-02,TimeStandardStatus.unrecognized,"['山东省东营市东营区东营区东营区北二路', '山东省东营市东营区东营区东营区东八路', '山东省东营市东营区东营区东营区北二路', '山东省东营市东营区东营区东营区西一路', '山东省东营市东营区东营区东营区东营港疏港铁路', '山东省东营市东营区东营区东营区长深高速公路', '山东省东营市东营区东营区东营区东青高速何官互通', '山东省东营市东营区东营区东营区济南至高青高速公路', '山东省东营市东营区东营区东营区东营港', '山东省东营市东营区东营区东营区津潍（烟）铁路', '山东省东营市东营区东营区东营区东营胜利机场', '山东省东营市东营区东营区东营区京', '山东省东营市东营区东营区东营区济南', '山东省东营市东营区东营区东营区高青高速公路', '山东省东营市东营区东营区东营区东青', '山东省东营市东营区东营区东营区东营港', '山东省东营市东营区东营区东营区小清河复航']",[<SpaceStandardStatus.success: '2-Success parse'>],0,0,0,0,0
新年一开春，印尼爪哇岛就面临严重洪灾，雅加达等地区，淹水高达三公尺深，同时也爆发土石流灾情，已造成23人死亡。这场水患是雅加达七年来，最严重洪灾，超过三万多名民众无家可归。雅加达哈林机场1号也一度关闭，两万旅客滞留。   ,['新年一开春，印尼爪哇岛就面临严重洪灾，雅加达等地区，淹水高达三公尺深，同时也爆发土石流灾情，已造成23人死亡。这场水患是雅加达七年来，最严重洪灾，超过三万多名民众无家可归。雅加达哈林机场1号也一度关闭，两万旅客滞留。   '],2020-01-02 23:46:43,[],['雅加达'],['雅加达哈林机场'],2020-01-02,TimeStandardStatus.unrecognized,Foreign,SpaceStandardStatus.foreign,0,0,0,0,0
"“新建项目84项，总投资170亿元，其中2020年投资123.2亿元”,日前，2020年临沂中心城区基础设施及重点项目建设“出炉”，陶然路改造、北京东路提升改造、内涝及积水点治理、黑臭水体治理等民生热点工程均被列入了日程。 ","['“新建项目84项，总投资170亿元，其中2020年投资123.2亿元”,日前，2020年临沂中心城区基础设施及重点项目建设“出炉”，陶然路改造、北京东路提升改造、内涝及积水点治理、黑臭水体治理等民生热点工程均被列入了日程。 ']",2020-01-03 11:00:04,[],['临沂'],"['陶然', '路', '北京东路']",2020-01-03,TimeStandardStatus.unrecognized,"['山东省临沂市陶然', '山东省临沂市路', '山东省临沂市北京东路']",[<SpaceStandardStatus.success: '2-Success parse'>],0,0,0,0,0
" “新建项目84项，总投资170亿元，其中2020年投资123.2亿元”,日前，2020年临沂中心城区基础设施及重点项目建设“出炉”，陶然路改造、北京东路提升改造、内涝及积水点治理、黑臭水体治理等民生热点工程均被列入了日程。 ","[' “新建项目84项，总投资170亿元，其中2020年投资123.2亿元”,日前，2020年临沂中心城区基础设施及重点项目建设“出炉”，陶然路改造、北京东路提升改造、内涝及积水点治理、黑臭水体治理等民生热点工程均被列入了日程。 ']",2020-01-03 15:03:33,[],['临沂'],"['陶然', '路', '北京东路']",2020-01-03,TimeStandardStatus.unrecognized,"['山东省临沂市陶然', '山东省临沂市路', '山东省临沂市北京东路']",[<SpaceStandardStatus.success: '2-Success parse'>],0,0,0,0,0
 2019年高新区对辖区8条道路的主路面、人行道、沿街广场进行了提升改造，极大提升了城市形象。今年，高新区还将对高二路、玉清东街等道路进行改造提升，共计27.68万平方米，给市民提供便利。图为玉清东街金马路至潍县中路路段改造基本结束。 去年对八条道路 进行了改造提升   1月2日，记者来到玉清东街与金马路交叉口看到，玉清东街金马路至潍县中路路段的改造提升工程已经基本结束。改造后的玉清东街非常高大上，道路比以前宽阔了很多，两侧的人行道、绿化等配套设施也已基本完成，景象比以前有了极大提升。   玉清东街金马路至潍县中路路段2005年建成，之前存在坑槽、网裂、沉陷等病害，严重影响行人和车辆正常通行。2019年5月份，高新区城建局启动了这段道路的改造提升工程，同步进行了排水改造，建设了大口径污水管道，此外还提升了道路两侧的绿化景观，并建设了综合管廊。   玉清嘉苑小区的市民孙女士告诉记者，之前这段玉清东街存在的问题非常多，道路狭窄老旧，路面破损不堪，遇到急雨就发生内涝，生活在周围的居民都苦不堪言。如今，道路改造完成，比以前好走多了，心里别提多恣了。   2019年高新区拿出“工匠”精神，自北海路向东，对东风东街、创业街、东方路、玉清东街等8条道路的主路面、人行道、沿街广场进行了提升改造，总提升改造面积大约为23万平方米。高新区城建局相关负责人介绍，去年改造的这些道路，多数都是破损严重、车流量较大、改造需求比较迫切的道路。 东风东街、胜利东街等主干道进行改造   今年高新区还将对一些道路包括人行道和沿街广场等进一步改造，涉及14段道路，总面积27.68万平方米，包括玉清东街、东风东街、胜利东街、福寿东街等，高新区的整体市容环境和道路路况将得到进一步升级。   其中，将对玉清东街北海路至金马路路段的道路罩面和人行道进行改造。这段道路于2006年建成，目前存在裂缝、沉陷、板角断裂等病害。此次改造将对主路面进行罩面挖补，对人行道进行重新铺装。   将对东风东街金光路至潍安路路段的人行道进行铺装。目前这段道路两侧没有人行道，市民日常出行很不方便，存在安全隐患。此次改造将对两侧修建大理石人行道。   福寿东街潍县中路至永春路路段同样将进行人行道铺装工程。这段道路于2008年建成，人行道存在破损、沉陷等病害，将改成大理石人行道。   将对胜利东街东方路至潍县中路路段两侧的沿街广场进行改造提升，预计铺装面积为10740平方米。还将对福寿东街北海路至潍县中路路段沿线广场要进行提升。   将对蓉花路北宫东街至玉清东街路段的沿线建筑外立面进行改造，对道路进行提升，铺装人行道，提升绿化景观。这段道路改造完成后，配合着桐荫街、239特色街区等，将成为高新区重要的特色城市街区。   今年要改造的路段还包括高二路健康东街至穆响路路段、桐北路北宫东街至桐荫街路段、玉泉北巷东方路至玉泉路路段、玉泉南巷东方路至玉泉路路段、卧龙东街潍县中路至志远路路段、浞景街浞景支路至高新二路路段、玉泉路卧龙街至玉清街路段、孵化二巷金马路至蓉花路路段等。（记者 赵春晖）,[' 2019年高新区对辖区8条道路的主路面、人行道、沿街广场进行了提升改造，极大提升了城市形象。今年，高新区还将对高二路、玉清东街等道路进行改造提升，共计27.68万平方米，给市民提供便利。图为玉清东街金马路至潍县中路路段改造基本结束。 去年对八条道路 进行了改造提升   1月2日，记者来到玉清东街与金马路交叉口看到，玉清东街金马路至潍县中路路段的改造提升工程已经基本结束。改造后的玉清东街非常高大上，道路比以前宽阔了很多，两侧的人行道、绿化等配套设施也已基本完成，景象比以前有了极大提升。   玉清东街金马路至潍县中路路段2005年建成，之前存在坑槽、网裂、沉陷等病害，严重影响行人和车辆正常通行。2019年5月份，高新区城建局启动了这段道路的改造提升工程，同步进行了排水改造，建设了大口径污水管道，此外还提升了道路两侧的绿化景观，并建设了综合管廊。   玉清嘉苑小区的市民孙女士告诉记者，之前这段玉清东街存在的问题非常多，道路狭窄老旧，路面破损不堪，遇到急雨就发生内涝，生活在周围的居民都苦不堪言。如今，道路改造完成，比以前好走多了，心里别提多恣了。   2019年高新区拿出“工匠”精神，自北海路向东，对东风东街、创业街、东方路、玉清东街等8条道路的主路面、人行道、沿街广场进行了提升改造，总提升改造面积大约为23万平方米。高新区城建局相关负责人介绍，去年改造的这些道路，多数都是破损严重、车流量较大、改造需求比较迫切的道路。 东风东街、胜利东街等主干道进行改造   今年高新区还将对一些道路包括人行道和沿街广场等进一步改造，涉及14段道路，总面积27.68万平方米，包括玉清东街、东风东街、胜利东街、福寿东街等，高新区的整体市容环境和道路路况将得到进一步升级。   其中，将对玉清东街北海路至金马路路段的道路罩面和人行道进行改造。这段道路于2006年建成，目前存在裂缝、沉陷、板角断裂等病害。此次改造将对主路面进行罩面挖补，对人行道进行重新铺装。   将对东风东街金光路至潍安路路段的人行道进行铺装。目前这段道路两侧没有人行道，市民日常出行很不方便，存在安全隐患。此次改造将对两侧修建大理石人行道。   福寿东街潍县中路至永春路路段同样将进行人行道铺装工程。这段道路于2008年建成，人行道存在破损、沉陷等病害，将改成大理石人行道。   将对胜利东街东方路至潍县中路路段两侧的沿街广场进行改造提升，预计铺装面积为10740平方米。还将对福寿东街北海路至潍县中路路段沿线广场要进行提升。   将对蓉花路北宫东街至玉清东街路段的沿线建筑外立面进行改造，对道路进行提升，铺装人行道，提升绿化景观。这段道路改造完成后，配合着桐荫街、239特色街区等，将成为高新区重要的特色城市街区。   今年要改造的路段还包括高二路健康东街至穆响路路段、桐北路北宫东街至桐荫街路段、玉泉北巷东方路至玉泉路路段、玉泉南巷东方路至玉泉路路段、卧龙东街潍县中路至志远路路段、浞景街浞景支路至高新二路路段、玉泉路卧龙街至玉清街路段、孵化二巷金马路至蓉花路路段等。（记者 赵春晖）'],2020-01-04 09:16:31,"['1月2日', '2019年5月份']",,"['高二路', '玉清东街', '玉清东街金', '马路', '潍县中路', '玉清东街', '玉清东', '街金', '马路', '潍县中路', '玉清东街', '玉清东', '马路', '潍县中路', '玉清嘉苑小区', '玉清东街', '北海路', '东风东街', '创业街', '东方路', '玉清东街', '东风东街', '胜利东街', '玉清东街', '东风东街', '胜利东街', '福寿东街', '玉清东街', '北海路', '东风东街', '金光路', '潍安路', '福寿东街', '潍县中路', '永春路', '胜利东街', '东方路', '潍县中路', '福寿东街', '北海路', '潍县中路', '蓉花路北宫', '东街', '桐荫街', '239', '高二路健康东街', '桐北路北宫', '东街', '玉泉北巷', '东方路', '玉泉南巷', '卧龙东街', '卧龙街', '孵化二', '巷金马路至蓉花路路段']",['2020-01-02'],[<TimeStandardStatus.success: '2-Success parse'>],Nodata,SpaceStandardStatus.miss_gpe,0,0,0,0,0
 2019年高新区对辖区8条道路的主路面、人行道、沿街广场进行了提升改造，极大提升了城市形象。今年，高新区还将对高二路、玉清东街等道路进行改造提升，共计27.68万平方米，给市民提供便利。图为玉清东街金马路至潍县中路路段改造基本结束。 去年对八条道路 进行了改造提升   1月2日，记者来到玉清东街与金马路交叉口看到，玉清东街金马路至潍县中路路段的改造提升工程已经基本结束。改造后的玉清东街非常高大上，道路比以前宽阔了很多，两侧的人行道、绿化等配套设施也已基本完成，景象比以前有了极大提升。   玉清东街金马路至潍县中路路段2005年建成，之前存在坑槽、网裂、沉陷等病害，严重影响行人和车辆正常通行。2019年5月份，高新区城建局启动了这段道路的改造提升工程，同步进行了排水改造，建设了大口径污水管道，此外还提升了道路两侧的绿化景观，并建设了综合管廊。   玉清嘉苑小区的市民孙女士告诉记者，之前这段玉清东街存在的问题非常多，道路狭窄老旧，路面破损不堪，遇到急雨就发生内涝，生活在周围的居民都苦不堪言。如今，道路改造完成，比以前好走多了，心里别提多恣了。   2019年高新区拿出“工匠”精神，自北海路向东，对东风东街、创业街、东方路、玉清东街等8条道路的主路面、人行道、沿街广场进行了提升改造，总提升改造面积大约为23万平方米。高新区城建局相关负责人介绍，去年改造的这些道路，多数都是破损严重、车流量较大、改造需求比较迫切的道路。 东风东街、胜利东街等主干道进行改造   今年高新区还将对一些道路包括人行道和沿街广场等进一步改造，涉及14段道路，总面积27.68万平方米，包括玉清东街、东风东街、胜利东街、福寿东街等，高新区的整体市容环境和道路路况将得到进一步升级。   其中，将对玉清东街北海路至金马路路段的道路罩面和人行道进行改造。这段道路于2006年建成，目前存在裂缝、沉陷、板角断裂等病害。此次改造将对主路面进行罩面挖补，对人行道进行重新铺装。   将对东风东街金光路至潍安路路段的人行道进行铺装。目前这段道路两侧没有人行道，市民日常出行很不方便，存在安全隐患。此次改造将对两侧修建大理石人行道。   福寿东街潍县中路至永春路路段同样将进行人行道铺装工程。这段道路于2008年建成，人行道存在破损、沉陷等病害，将改成大理石人行道。   将对胜利东街东方路至潍县中路路段两侧的沿街广场进行改造提升，预计铺装面积为10740平方米。还将对福寿东街北海路至潍县中路路段沿线广场要进行提升。   将对蓉花路北宫东街至玉清东街路段的沿线建筑外立面进行改造，对道路进行提升，铺装人行道，提升绿化景观。这段道路改造完成后，配合着桐荫街、239特色街区等，将成为高新区重要的特色城市街区。   今年要改造的路段还包括高二路健康东街至穆响路路段、桐北路北宫东街至桐荫街路段、玉泉北巷东方路至玉泉路路段、玉泉南巷东方路至玉泉路路段、卧龙东街潍县中路至志远路路段、浞景街浞景支路至高新二路路段、玉泉路卧龙街至玉清街路段、孵化二巷金马路至蓉花路路段等。（记者 赵春晖） ,[' 2019年高新区对辖区8条道路的主路面、人行道、沿街广场进行了提升改造，极大提升了城市形象。今年，高新区还将对高二路、玉清东街等道路进行改造提升，共计27.68万平方米，给市民提供便利。图为玉清东街金马路至潍县中路路段改造基本结束。 去年对八条道路 进行了改造提升   1月2日，记者来到玉清东街与金马路交叉口看到，玉清东街金马路至潍县中路路段的改造提升工程已经基本结束。改造后的玉清东街非常高大上，道路比以前宽阔了很多，两侧的人行道、绿化等配套设施也已基本完成，景象比以前有了极大提升。   玉清东街金马路至潍县中路路段2005年建成，之前存在坑槽、网裂、沉陷等病害，严重影响行人和车辆正常通行。2019年5月份，高新区城建局启动了这段道路的改造提升工程，同步进行了排水改造，建设了大口径污水管道，此外还提升了道路两侧的绿化景观，并建设了综合管廊。   玉清嘉苑小区的市民孙女士告诉记者，之前这段玉清东街存在的问题非常多，道路狭窄老旧，路面破损不堪，遇到急雨就发生内涝，生活在周围的居民都苦不堪言。如今，道路改造完成，比以前好走多了，心里别提多恣了。   2019年高新区拿出“工匠”精神，自北海路向东，对东风东街、创业街、东方路、玉清东街等8条道路的主路面、人行道、沿街广场进行了提升改造，总提升改造面积大约为23万平方米。高新区城建局相关负责人介绍，去年改造的这些道路，多数都是破损严重、车流量较大、改造需求比较迫切的道路。 东风东街、胜利东街等主干道进行改造   今年高新区还将对一些道路包括人行道和沿街广场等进一步改造，涉及14段道路，总面积27.68万平方米，包括玉清东街、东风东街、胜利东街、福寿东街等，高新区的整体市容环境和道路路况将得到进一步升级。   其中，将对玉清东街北海路至金马路路段的道路罩面和人行道进行改造。这段道路于2006年建成，目前存在裂缝、沉陷、板角断裂等病害。此次改造将对主路面进行罩面挖补，对人行道进行重新铺装。   将对东风东街金光路至潍安路路段的人行道进行铺装。目前这段道路两侧没有人行道，市民日常出行很不方便，存在安全隐患。此次改造将对两侧修建大理石人行道。   福寿东街潍县中路至永春路路段同样将进行人行道铺装工程。这段道路于2008年建成，人行道存在破损、沉陷等病害，将改成大理石人行道。   将对胜利东街东方路至潍县中路路段两侧的沿街广场进行改造提升，预计铺装面积为10740平方米。还将对福寿东街北海路至潍县中路路段沿线广场要进行提升。   将对蓉花路北宫东街至玉清东街路段的沿线建筑外立面进行改造，对道路进行提升，铺装人行道，提升绿化景观。这段道路改造完成后，配合着桐荫街、239特色街区等，将成为高新区重要的特色城市街区。   今年要改造的路段还包括高二路健康东街至穆响路路段、桐北路北宫东街至桐荫街路段、玉泉北巷东方路至玉泉路路段、玉泉南巷东方路至玉泉路路段、卧龙东街潍县中路至志远路路段、浞景街浞景支路至高新二路路段、玉泉路卧龙街至玉清街路段、孵化二巷金马路至蓉花路路段等。（记者 赵春晖） '],2020-01-04 09:25:42,"['1月2日', '2019年5月份']",,"['高二路', '玉清东街', '玉清东街金', '马路', '潍县中路', '玉清东街', '玉清东', '街金', '马路', '潍县中路', '玉清东街', '玉清东', '马路', '潍县中路', '玉清嘉苑小区', '玉清东街', '北海路', '东风东街', '创业街', '东方路', '玉清东街', '东风东街', '胜利东街', '玉清东街', '东风东街', '胜利东街', '福寿东街', '玉清东街', '北海路', '东风东街', '金光路', '潍安路', '福寿东街', '潍县中路', '永春路', '胜利东街', '东方路', '潍县中路', '福寿东街', '北海路', '潍县中路', '蓉花路北宫', '东街', '桐荫街', '239', '高二路健康东街', '桐北路北宫', '东街', '玉泉北巷', '东方路', '玉泉南巷', '卧龙东街', '卧龙街', '孵化二', '巷金马路至蓉花路路段']",['2020-01-02'],[<TimeStandardStatus.success: '2-Success parse'>],Nodata,SpaceStandardStatus.miss_gpe,0,0,0,0,0
1月2日讯 为加快转变城市发展方式，推动新旧动能转换，提升城市品质，2019年12月31日，临沂市人民政府印发了《2020年临沂中心城区基础设施及重点项目建设计划》，该计划书分为市级新建工程、市级项目库工程和各区新建工程三个部分。包涵了道路桥梁工程、内涝及积水点治理、公用事业工程、公共服务设施、黑臭水体治理、片区基础设施工程、轨道交通项目库等，2020年临沂中心城区将有大变化。 文件全文如下: 2020年临沂中心城区基础设施及重点项目建设计划 为加快转变城市发展方式，推动新旧动能转换，提升城市品质，以解决民生、环保问题为导向，以道路桥梁、拥堵点治理、内涝及积水点治理、黑臭水体治理、高铁片区和国际生态城片区等基础设施工程为重点，编制了《2020年临沂中心城区基础设施及重点项目建设计划》。具体情况如下： 一、市级新建工程 2020年市级新建项目84项，总投资170亿元，其中2020年投资123.2亿元，按资金来源划分：市财政综合预算28.6亿元、PPP运作15.3亿元、片区开发23.9亿元、市场化运作46亿元、其他9.4亿元。 （一）道路桥梁工程 道路桥梁以完善“三环十三射七联”路网为目标，实现三环贯通，对重点射线进行快速化改造，治理重点路段交通拥堵。2020年投资59亿元，主要实施陶然路提升改造、北京东路提升改造等15项工程。 1.陶然路提升改造：总投资51.3亿元，其中2020年投资30.8亿元。工程西起京沪高速公路，东至滨河路，长15公里，为中心城区对外联系的重要射线。其中，京沪高速公路至蒙山高架路段为高架快速路，长9.6公里，在西中环、兖石铁路设互通立交，与京沪高速公路“高接高”快速连接。蒙山高架路至滨河路段为地面道路改造工程，长5.4公里，改造通达路、沂蒙路、沂州路、中丘路等主要路口，拓宽陶然路为双向八车道。 2.北京东路提升改造：总投资10.5亿元，其中2020年投资7.4亿元。工程西起滨河东路，东至温泉路，长4公里。道路红线宽60米，为主辅路形式，主路为双向8车道，辅路为双向2车道。在东兴路设分离式立交，在沭埠岭一路设东西向下穿通道，在孝友路、智圣路、华龙路设3处南北向下穿通道。 3.北京路沂河桥及两岸立交改造：总投资13.1亿元，其中2020年投资9.2亿元。该工程为北京东路改造工程延伸部分，新建桥梁为双向10车道，同时对两岸立交进行全互通改造。 4.通达南路拥堵和积水点改造：投资1.8亿元。对通达南路高架落地处至湖北路段道路拓宽，双月园路设下穿通道，改造湖北路路口。 5.南外环西延：总投资3.8亿元，其中2020年投资2.3亿元。工程西起新西外环，东至西中环，长6公里。道路宽30米，建设双向6车道。 6.沂河路西延：总投资2.3亿元，其中2020年投资1.6亿元。工程西起新西外环，东至京沪高速公路，长3公里。道路红线宽60米，断面为主路加人非车道，主路为双向8车道。 7.金雀山路西延：总投资5亿元，其中2020年投资2.5亿元。工程西起新西外环，东至临西九路，长7.8公里。道路红线宽42米，道路断面为两块板形式，机动车道为双向6车道。 8.沭河路：投资1.1亿元。工程北起兰州路，南至西安路，长1公里。道路红线宽60米，主路为双向8车道，辅路为2车道。 9.滨河过街通道（五期）：投资3750万元。建设中昇大街、育英街、朝阳路、沂河路东桥头南、人民医院北城院区5处过街通道。 10.中心城区拥堵路口治理工程：投资3500万元。治理中心城区28处拥堵路口。 11.道路维修工程：投资1.7亿元。实施联邦路南段大修、西中环路面大修、南京路路面大修、刘家道口桥南幅加固维修、市管不连续人行道贯通及部分市管道路路名牌更换工程等5项维修工程。 （二）内涝及积水点治理 2020年市、区共实施39项内涝及积水点治理工程，总投资8.7亿元。重点解决兰山老城区、北城新区五洲湖周围、罗庄区双月湖周围等区域积水问题，提高城区排涝能力。市级实施内涝及积水点治理工程如下： 1.沂蒙路泵站：投资6000万元。工程位于沂蒙路与陷泥河交汇处，排水能力为每秒30立方米。 2.排水管涵工程：实施金坛路雨水管、水田路雨水管、府前路雨水管顶管、府左路雨水管、府右路雨水管、兵圣路雨水管、沂州路东侧雨水管、王庄路北段雨水管、王庄路中段排水管、临西九路排水管、大山路泵站、临西十二路闸门改造、安装检查井安全装置、五洲湖明渠清淤、温泉路（沃尔沃路）南段积水改造等15项工程，解决兰山区老城区和北城新区等片区积水问题。 3.鱼梁沟东段工程：投资2.2亿元。建设8×3米排水箱涵1.5公里，明渠2.5公里，建设强排泵站1座。 （三）照明工程 2020年投资5840万元。实施节日亮化、华夏路和沂河路照明设施改造、广播电视塔照明修复、北城新区纵向亮化中轴线等4项工程。 （四）公用事业工程 2020年投资3.8亿元，实施6个项目。 1.供气：投资7000万元。实施中压燃气管网工程。 2.供水：投资9200万元。实施供水管网工程、自来水深度处理项目。 3.供热：投资7600万元。实施智诚路、启阳路等供热管网工程。 4.供电：投资1.4亿元。实施七里沟110千伏电力管网工程、工业大道110千伏电力管网工程，建设电力隧道4.7公里。 （五）园林绿化工程 2020年投资0.7亿元，实施直管绿地灌溉工程、橡胶坝设备更换及加固除险工程、口袋公园、经开区水上乐园拆除后绿化恢复建设项目、三河口隧道大修工程、滨河景区新党校段滩内外提升工程、阳光沙滩洗沙等7项工程。 （六）公共服务设施 2020年投资11.9亿元，实施12个项目。 1.公交设施：投资2800万元。实施罗庄区湖北路换乘中心、罗庄区册山公交停保场、罗庄区付庄换乘中心等3个项目。 2.机场扩建：总投资6.6亿元，其中2020年投资5.5亿元。实施临沂沭埠岭机场航站楼改扩建工程。 3.环卫设施：投资5100万元。实施市垃圾填埋处理场生产管理用房项目、临沂市固体废弃物综合处置中心项目二期、人民公园和人民广场公厕改造项目等3项工程。 4.规划展览馆提升改造：投资5000万元。对规划展览馆一层及二层进行拆除、装饰、布展、设备设施安装等改造。 5.老旧小区供热改造：投资1.9亿元。对建成十五年以上的老旧小区进行供热改造，涉及建筑面积925万平方米。 6.人防工程：投资3.2亿元。实施市政务服务中心广场、高新区龙湖公园、河东区中昇大街等3项人防工程。 （七）水利设施 2020年投资1.6亿元，主要实施茶山拦河闸向孝河补水工程、河湾水源向小李官水库和石屯水库补水工程、小涑河与龙头沟连通工程、河湾水源-西沂沟-汤河连通工程等4项中心城区水系连通工程和桃园橡胶坝坝袋更换维修工程。 （八）黑臭水体治理 2020年投资29.7亿元。实施四大类，45个项目。一是扩建市第二污水处理厂、柳青河第二污水处理厂，新建国际生态城污水处理厂、商谷片区污水处理厂、南涑河污水处理厂及经开区第二污水处理厂。新增污水处理能力21万吨/天，建设配套管网33.2公里。二是建设一平台、三示范项目，主要是建设黑臭水体监测系统平台，实现城市水环境监测一体化，打造陷泥河、南涑河、李公河西支综合整治示范项目。三是实施涑河、陷泥河、沂河主管网疏通修复工程，总长度50.5公里，实现管网提质增效；实施祊河支流水系连通工程，实现祊河支流、双岭路水系源头活水，打造商谷片区厂网河湖一体化示范区。四是在各区原有整治工程的基础上，各区实施黑臭水体治理示范城市建设提升工程24项。 （九）规划编制 2020年投资5600万元，编制临沂市国土空间总体规划、临沂市中心城区街区控规动态维护、临沂城区现状道路测绘、国际生态城核心区国土空间总体规划、临沂市国际生态城交通专项规划、国际生态城村庄布局和村民安置规划、临沂中心城区基础设施建设近期规划（2021-2025年）、临沂市乡村风貌规划、临沂市城市住宅建设规划（2021-2025年）、临沂市中心城区水系治理总体规划、汤河沭河流域生态治理及修复规划、国际生态城生态水系专项规划、临沂市国省道国土空间规划、临沂市医疗卫生机构空间布局规划（2021-2025年）、临沂综合保税区一期配套区控规及城市设计等15个项目。 （十）片区基础设施工程 1.国际生态城 2020年投资1.8亿元。实施2个项目。 （1）临沂市河东区祝丘河（理工学院段）综合治理工程：投资1200万元。对临沂市河东区祝丘河（理工学院段）进行开挖连通、疏浚清淤、生态修复、景观亮化等综合治理。 （2）汤河流域-管仲河生态治理工程：总投资2.4亿元，其中2020年投资1.7亿元。治理国际生态城核心区河道8公里。 2.高铁片区 2020年投资5.8亿元。实施永安路、文化路、清凉河路3项道路工程，孝河治理、茶山干渠（圣城三路渠）、圣园街东分洪渠、圣园三路分洪渠、圣城二路渠、鸭蛋沟治理、干渠西支疏浚等7项河道治理工程，核心区域中低压电缆迁改工程。 3.商谷片区 2020年投资1.2亿元。实施临西十路、聚才九路、双屠路等3条道路工程。 4.火车站南片区 2020年投资2亿元，实施临沂市体育公园项目。项目位于清河路与陷泥河之间，建设全民健身馆1座、气膜馆1座，建筑面积20000平方米，同时配置室外运动场地。 二、市级2020年项目库 2020年项目库共四大类22项，预计总投资305亿元，安排可研、测绘、初勘等前期研究费用共计5455万元。 （一）道路桥梁工程项目库 共11项工程，预计总投资273亿元，前期研究费用3165万元。包括沂蒙路北段快速化改造、滨河大道提升改造、雄安大道、南京路东延、长春路东延、长春路西段提升改造、沭河北路、湖北路沂河桥、皇山路北延、南疏港公路等。 （二）水利设施项目库 共9项工程，预计总投资31亿元，前期研究费用1230万元。包括滨河堤防加固治理可研报告、临沂市中心城区水系连通工程、临沂市祊河左岸滨河大道工程、沭河临沂城区段巩固提升工程、分沂入沭堤防提升工程。 （三）园林绿化项目库 共1项工程，预计总投资1亿元，前期研究费用20万元。进行阳光沙滩绿化改造提升。 （四）轨道交通项目库 共1项工程，前期研究费用1040万元，为临沂市轨道交通首条线路可行性研究报告及相关专题报告编制项目。 三、各区新建工程 2020年各区新建项目152项，总投资87.9亿元，其中2020年投资71.6亿元。各区打通断头路8条，投资2.4亿元；治理积水点22处，投资4.6亿元；消除城区内裸露土地，绿化面积92.85公顷，投资1.6亿元。 （一）兰山区：投资32.5亿元，实施10项道路工程，2项断头路打通工程，7项积水点治理工程，1项裸露土地绿化工程，1项排水工程，3个绿化项目，4个教育项目，6个其他民生项目。 （二）罗庄区：投资10.2亿元，实施7项道路桥梁工程，5项断头路打通工程，6项积水点治理工程，1项裸露土地绿化工程，1项两排工程，1项照明亮化工程，1个公共服务项目，1个绿化项目，2个教育项目。 （三）河东区：投资20.3亿元，实施31项道路桥梁工程，3项积水点治理工程，1项裸露土地绿化工程，2项四供两排工程，1项河道治理工程，2个公共服务项目，5个其他民生项目。 （四）临沂高新技术产业开发区：投资4.6亿元，实施4项道路桥梁工程，1项断头路打通工程，3项积水点治理工程，1项裸露土地绿化工程，5个绿化项目，2项河道治理工程，6个公用事业项目，3个教育项目。 （五）临沂经济技术开发区：投资3.9亿元，实施8项道路桥梁工程，3项积水点治理工程，1项裸露土地绿化工程，6项地下管网工程，2个其他民生项目。,['1月2日讯 为加快转变城市发展方式，推动新旧动能转换，提升城市品质，2019年12月31日，临沂市人民政府印发了《2020年临沂中心城区基础设施及重点项目建设计划》，该计划书分为市级新建工程、市级项目库工程和各区新建工程三个部分。包涵了道路桥梁工程、内涝及积水点治理、公用事业工程、公共服务设施、黑臭水体治理、片区基础设施工程、轨道交通项目库等，2020年临沂中心城区将有大变化。 文件全文如下: 2020年临沂中心城区基础设施及重点项目建设计划 为加快转变城市发展方式，推动新旧动能转换，提升城市品质，以解决民生、环保问题为导向，以道路桥梁、拥堵点治理、内涝及积水点治理、黑臭水体治理、高铁片区和国际生态城片区等基础设施工程为重点，编制了《2020年临沂中心城区基础设施及重点项目建设计划》。具体情况如下： 一、市级新建工程 2020年市级新建项目84项，总投资170亿元，其中2020年投资123.2亿元，按资金来源划分：市财政综合预算28.6亿元、PPP运作15.3亿元、片区开发23.9亿元、市场化运作46亿元、其他9.4亿元。 （一）道路桥梁工程 道路桥梁以完善“三环十三射七联”路网为目标，实现三环贯通，对重点射线进行快速化改造，治理重点路段交通拥堵。2020年投资59亿元，主要实施陶然路提升改造、北京东路提升改造等15项工程。 1.陶然路提升改造：总投资51.3亿元，其中2020年投资30.8亿元。工程西起京沪高速公路，东至滨河路，长15公里，为中心城区对外联系的重要射线。其中，京沪高速公路至蒙山高架路段为高架快速路，长9.6公里，在西中环、兖石铁路设互通立交，与京沪高速公路“高接高”快速连接。蒙山高架路至滨河路段为地面道路改造工程，长5.4公里，改造通达路、沂蒙路、沂州路、中丘路等主要路口，拓宽陶然路为双向八车道。 2.北京东路提升改造：总投资10.5亿元，其中2020年投资7.4亿元。工程西起滨河东路，东至温泉路，长4公里。道路红线宽60米，为主辅路形式，主路为双向8车道，辅路为双向2车道。在东兴路设分离式立交，在沭埠岭一路设东西向下穿通道，在孝友路、智圣路、华龙路设3处南北向下穿通道。 3.北京路沂河桥及两岸立交改造：总投资13.1亿元，其中2020年投资9.2亿元。该工程为北京东路改造工程延伸部分，新建桥梁为双向10车道，同时对两岸立交进行全互通改造。 4.通达南路拥堵和积水点改造：投资1.8亿元。对通达南路高架落地处至湖北路段道路拓宽，双月园路设下穿通道，改造湖北路路口。 5.南外环西延：总投资3.8亿元，其中2020年投资2.3亿元。工程西起新西外环，东至西中环，长6公里。道路宽30米，建设双向6车道。 6.沂河路西延：总投资2.3亿元，其中2020年投资1.6亿元。工程西起新西外环，东至京沪高速公路，长3公里。道路红线宽60米，断面为主路加人非车道，主路为双向8车道。 7.金雀山路西延：总投资5亿元，其中2020年投资2.5亿元。工程西起新西外环，东至临西九路，长7.8公里。道路红线宽42米，道路断面为两块板形式，机动车道为双向6车道。 8.沭河路：投资1.1亿元。工程北起兰州路，南至西安路，长1公里。道路红线宽60米，主路为双向8车道，辅路为2车道。 9.滨河过街通道（五期）：投资3750万元。建设中昇大街、育英街、朝阳路、沂河路东桥头南、人民医院北城院区5处过街通道。 10.中心城区拥堵路口治理工程：投资3500万元。治理中心城区28处拥堵路口。 11.道路维修工程：投资1.7亿元。实施联邦路南段大修、西中环路面大修、南京路路面大修、刘家道口桥南幅加固维修、市管不连续人行道贯通及部分市管道路路名牌更换工程等5项维修工程。 （二）内涝及积水点治理 2020年市、区共实施39项内涝及积水点治理工程，总投资8.7亿元。重点解决兰山老城区、北城新区五洲湖周围、罗庄区双月湖周围等区域积水问题，提高城区排涝能力。市级实施内涝及积水点治理工程如下： 1.沂蒙路泵站：投资6000万元。工程位于沂蒙路与陷泥河交汇处，排水能力为每秒30立方米。 2.排水管涵工程：实施金坛路雨水管、水田路雨水管、府前路雨水管顶管、府左路雨水管、府右路雨水管、兵圣路雨水管、沂州路东侧雨水管、王庄路北段雨水管、王庄路中段排水管、临西九路排水管、大山路泵站、临西十二路闸门改造、安装检查井安全装置、五洲湖明渠清淤、温泉路（沃尔沃路）南段积水改造等15项工程，解决兰山区老城区和北城新区等片区积水问题。 3.鱼梁沟东段工程：投资2.2亿元。建设8×3米排水箱涵1.5公里，明渠2.5公里，建设强排泵站1座。 （三）照明工程 2020年投资5840万元。实施节日亮化、华夏路和沂河路照明设施改造、广播电视塔照明修复、北城新区纵向亮化中轴线等4项工程。 （四）公用事业工程 2020年投资3.8亿元，实施6个项目。 1.供气：投资7000万元。实施中压燃气管网工程。 2.供水：投资9200万元。实施供水管网工程、自来水深度处理项目。 3.供热：投资7600万元。实施智诚路、启阳路等供热管网工程。 4.供电：投资1.4亿元。实施七里沟110千伏电力管网工程、工业大道110千伏电力管网工程，建设电力隧道4.7公里。 （五）园林绿化工程 2020年投资0.7亿元，实施直管绿地灌溉工程、橡胶坝设备更换及加固除险工程、口袋公园、经开区水上乐园拆除后绿化恢复建设项目、三河口隧道大修工程、滨河景区新党校段滩内外提升工程、阳光沙滩洗沙等7项工程。 （六）公共服务设施 2020年投资11.9亿元，实施12个项目。 1.公交设施：投资2800万元。实施罗庄区湖北路换乘中心、罗庄区册山公交停保场、罗庄区付庄换乘中心等3个项目。 2.机场扩建：总投资6.6亿元，其中2020年投资5.5亿元。实施临沂沭埠岭机场航站楼改扩建工程。 3.环卫设施：投资5100万元。实施市垃圾填埋处理场生产管理用房项目、临沂市固体废弃物综合处置中心项目二期、人民公园和人民广场公厕改造项目等3项工程。 4.规划展览馆提升改造：投资5000万元。对规划展览馆一层及二层进行拆除、装饰、布展、设备设施安装等改造。 5.老旧小区供热改造：投资1.9亿元。对建成十五年以上的老旧小区进行供热改造，涉及建筑面积925万平方米。 6.人防工程：投资3.2亿元。实施市政务服务中心广场、高新区龙湖公园、河东区中昇大街等3项人防工程。 （七）水利设施 2020年投资1.6亿元，主要实施茶山拦河闸向孝河补水工程、河湾水源向小李官水库和石屯水库补水工程、小涑河与龙头沟连通工程、河湾水源-西沂沟-汤河连通工程等4项中心城区水系连通工程和桃园橡胶坝坝袋更换维修工程。 （八）黑臭水体治理 2020年投资29.7亿元。实施四大类，45个项目。一是扩建市第二污水处理厂、柳青河第二污水处理厂，新建国际生态城污水处理厂、商谷片区污水处理厂、南涑河污水处理厂及经开区第二污水处理厂。新增污水处理能力21万吨/天，建设配套管网33.2公里。二是建设一平台、三示范项目，主要是建设黑臭水体监测系统平台，实现城市水环境监测一体化，打造陷泥河、南涑河、李公河西支综合整治示范项目。三是实施涑河、陷泥河、沂河主管网疏通修复工程，总长度50.5公里，实现管网提质增效；实施祊河支流水系连通工程，实现祊河支流、双岭路水系源头活水，打造商谷片区厂网河湖一体化示范区。四是在各区原有整治工程的基础上，各区实施黑臭水体治理示范城市建设提升工程24项。 （九）规划编制 2020年投资5600万元，编制临沂市国土空间总体规划、临沂市中心城区街区控规动态维护、临沂城区现状道路测绘、国际生态城核心区国土空间总体规划、临沂市国际生态城交通专项规划、国际生态城村庄布局和村民安置规划、临沂中心城区基础设施建设近期规划（2021-2025年）、临沂市乡村风貌规划、临沂市城市住宅建设规划（2021-2025年）、临沂市中心城区水系治理总体规划、汤河沭河流域生态治理及修复规划、国际生态城生态水系专项规划、临沂市国省道国土空间规划、临沂市医疗卫生机构空间布局规划（2021-2025年）、临沂综合保税区一期配套区控规及城市设计等15个项目。 （十）片区基础设施工程 1.国际生态城 2020年投资1.8亿元。实施2个项目。 （1）临沂市河东区祝丘河（理工学院段）综合治理工程：投资1200万元。对临沂市河东区祝丘河（理工学院段）进行开挖连通、疏浚清淤、生态修复、景观亮化等综合治理。 （2）汤河流域-管仲河生态治理工程：总投资2.4亿元，其中2020年投资1.7亿元。治理国际生态城核心区河道8公里。 2.高铁片区 2020年投资5.8亿元。实施永安路、文化路、清凉河路3项道路工程，孝河治理、茶山干渠（圣城三路渠）、圣园街东分洪渠、圣园三路分洪渠、圣城二路渠、鸭蛋沟治理、干渠西支疏浚等7项河道治理工程，核心区域中低压电缆迁改工程。 3.商谷片区 2020年投资1.2亿元。实施临西十路、聚才九路、双屠路等3条道路工程。 4.火车站南片区 2020年投资2亿元，实施临沂市体育公园项目。项目位于清河路与陷泥河之间，建设全民健身馆1座、气膜馆1座，建筑面积20000平方米，同时配置室外运动场地。 二、市级2020年项目库 2020年项目库共四大类22项，预计总投资305亿元，安排可研、测绘、初勘等前期研究费用共计5455万元。 （一）道路桥梁工程项目库 共11项工程，预计总投资273亿元，前期研究费用3165万元。包括沂蒙路北段快速化改造、滨河大道提升改造、雄安大道、南京路东延、长春路东延、长春路西段提升改造、沭河北路、湖北路沂河桥、皇山路北延、南疏港公路等。 （二）水利设施项目库 共9项工程，预计总投资31亿元，前期研究费用1230万元。包括滨河堤防加固治理可研报告、临沂市中心城区水系连通工程、临沂市祊河左岸滨河大道工程、沭河临沂城区段巩固提升工程、分沂入沭堤防提升工程。 （三）园林绿化项目库 共1项工程，预计总投资1亿元，前期研究费用20万元。进行阳光沙滩绿化改造提升。 （四）轨道交通项目库 共1项工程，前期研究费用1040万元，为临沂市轨道交通首条线路可行性研究报告及相关专题报告编制项目。 三、各区新建工程 2020年各区新建项目152项，总投资87.9亿元，其中2020年投资71.6亿元。各区打通断头路8条，投资2.4亿元；治理积水点22处，投资4.6亿元；消除城区内裸露土地，绿化面积92.85公顷，投资1.6亿元。 （一）兰山区：投资32.5亿元，实施10项道路工程，2项断头路打通工程，7项积水点治理工程，1项裸露土地绿化工程，1项排水工程，3个绿化项目，4个教育项目，6个其他民生项目。 （二）罗庄区：投资10.2亿元，实施7项道路桥梁工程，5项断头路打通工程，6项积水点治理工程，1项裸露土地绿化工程，1项两排工程，1项照明亮化工程，1个公共服务项目，1个绿化项目，2个教育项目。 （三）河东区：投资20.3亿元，实施31项道路桥梁工程，3项积水点治理工程，1项裸露土地绿化工程，2项四供两排工程，1项河道治理工程，2个公共服务项目，5个其他民生项目。 （四）临沂高新技术产业开发区：投资4.6亿元，实施4项道路桥梁工程，1项断头路打通工程，3项积水点治理工程，1项裸露土地绿化工程，5个绿化项目，2项河道治理工程，6个公用事业项目，3个教育项目。 （五）临沂经济技术开发区：投资3.9亿元，实施8项道路桥梁工程，3项积水点治理工程，1项裸露土地绿化工程，6项地下管网工程，2个其他民生项目。'],2020-01-04 10:40:39,"['1月2日', '2019年12月31日']","['临沂', '临沂', '临沂', '兰山', '北城', '临沂市', '商谷', '临沂市', '临沂', '临沂', '临沂市', '临沂', '临沂市', '临沂市', '临沂', '临沂市', '临沂市', '临沂市', '临沂市', '商谷', '临沂市', '临沂', '临沂市', '分沂', '入沭', '临沂市', '罗庄区', '临沂', '临沂']","['三环', '陶然路', '北京东路', '陶然路', '京沪高速公路', '滨河路', '京沪高速公路', '蒙山高架路段', '西中环', '兖石铁路', '京沪高速公路', '蒙山高架路', '通达路', '沂蒙路', '沂州路', '中丘路', '陶然', '路', '北京东路', '东兴路', '沭埠岭一路', '孝友路', '智圣路', '华龙', '北京路沂', '河桥', '北京东路', '通达南路', '通达南路', '双月', '园路', '湖北路', '南外环', '西中环', '沂', '河路', '新西外环', '京沪高速公路', '金雀', '山路', '新西', '外环', '临西九路', '沭', '河路', '兰州路', '西安路', '滨河过街通道', '中昇大街', '育英街', '朝阳路', '沂河路东桥', '人民医院北城院区', '联邦路', '西中环', '南京路', '刘家道口桥', '沂蒙路泵站', '金坛', '水田路', '府前路', '府', '左路', '府右路', '兵圣路', '沂州', '王庄路', '王庄路', '九', '路', '大山路泵站', '临西十二', '路', '五洲湖明', '温泉路', '沃尔沃路', '华夏路', '沂河路', '广播电视', '智诚路', '启阳路', '工业大道', '口袋公园', '三河口隧道大修工程', '滨河景区新党校段', '阳光沙滩洗沙', '罗庄区湖北路', '罗庄区册山公交停保场', '罗庄区付庄换乘中心', '临沂沭埠岭机场', '人民公园', '人民广场', '政务服务中心广场', '龙湖公园', '中昇大街', '小李官', '石屯水库', '国际生态城污水处理厂', '南涑河污水处理厂', '经开区第二污水处理厂', '临沂综合保税区', '永安路', '文化路', '清凉', '河路', '茶山干渠', '圣城三路渠', '圣园街东分洪渠', '圣园三路分', '圣城二路渠', '鸭蛋沟', '干渠西支疏浚', '临西十路', '聚才九路', '双屠路', '火车站南片区', '全民健身馆', '气膜馆', '沂蒙路', '滨河大道', '雄安大道', '南京路', '长春路', '长春路', '河北路', '湖北路沂', '河桥', '皇山路', '南疏港公路']",['2020-01-02'],[<TimeStandardStatus.success: '2-Success parse'>],"['山东省临沂市兰山区罗庄区三环', '山东省临沂市兰山区罗庄区陶然路', '山东省临沂市兰山区罗庄区北京东路', '山东省临沂市兰山区罗庄区陶然路', '山东省临沂市兰山区罗庄区京沪高速公路', '山东省临沂市兰山区罗庄区滨河路', '山东省临沂市兰山区罗庄区京沪高速公路', '山东省临沂市兰山区罗庄区蒙山高架路段', '山东省临沂市兰山区罗庄区西中环', '山东省临沂市兰山区罗庄区兖石铁路', '山东省临沂市兰山区罗庄区京沪高速公路', '山东省临沂市兰山区罗庄区蒙山高架路', '山东省临沂市兰山区罗庄区通达路', '山东省临沂市兰山区罗庄区沂蒙路', '山东省临沂市兰山区罗庄区沂州路', '山东省临沂市兰山区罗庄区中丘路', '山东省临沂市兰山区罗庄区陶然', '山东省临沂市兰山区罗庄区路', '山东省临沂市兰山区罗庄区北京东路', '山东省临沂市兰山区罗庄区东兴路', '山东省临沂市兰山区罗庄区沭埠岭一路', '山东省临沂市兰山区罗庄区孝友路', '山东省临沂市兰山区罗庄区智圣路', '山东省临沂市兰山区罗庄区华龙', '山东省临沂市兰山区罗庄区北京路沂', '山东省临沂市兰山区罗庄区河桥', '山东省临沂市兰山区罗庄区北京东路', '山东省临沂市兰山区罗庄区通达南路', '山东省临沂市兰山区罗庄区通达南路', '山东省临沂市兰山区罗庄区双月', '山东省临沂市兰山区罗庄区园路', '山东省临沂市兰山区罗庄区湖北路', '山东省临沂市兰山区罗庄区南外环', '山东省临沂市兰山区罗庄区西中环', '山东省临沂市兰山区罗庄区沂', '山东省临沂市兰山区罗庄区河路', '山东省临沂市兰山区罗庄区新西外环', '山东省临沂市兰山区罗庄区京沪高速公路', '山东省临沂市兰山区罗庄区金雀', '山东省临沂市兰山区罗庄区山路', '山东省临沂市兰山区罗庄区新西', '山东省临沂市兰山区罗庄区外环', '山东省临沂市兰山区罗庄区临西九路', '山东省临沂市兰山区罗庄区沭', '山东省临沂市兰山区罗庄区河路', '山东省临沂市兰山区罗庄区兰州路', '山东省临沂市兰山区罗庄区西安路', '山东省临沂市兰山区罗庄区滨河过街通道', '山东省临沂市兰山区罗庄区中昇大街', '山东省临沂市兰山区罗庄区育英街', '山东省临沂市兰山区罗庄区朝阳路', '山东省临沂市兰山区罗庄区沂河路东桥', '山东省临沂市兰山区罗庄区人民医院北城院区', '山东省临沂市兰山区罗庄区联邦路', '山东省临沂市兰山区罗庄区西中环', '山东省临沂市兰山区罗庄区南京路', '山东省临沂市兰山区罗庄区刘家道口桥', '山东省临沂市兰山区罗庄区沂蒙路泵站', '山东省临沂市兰山区罗庄区金坛', '山东省临沂市兰山区罗庄区水田路', '山东省临沂市兰山区罗庄区府前路', '山东省临沂市兰山区罗庄区府', '山东省临沂市兰山区罗庄区左路', '山东省临沂市兰山区罗庄区府右路', '山东省临沂市兰山区罗庄区兵圣路', '山东省临沂市兰山区罗庄区沂州', '山东省临沂市兰山区罗庄区王庄路', '山东省临沂市兰山区罗庄区王庄路', '山东省临沂市兰山区罗庄区九', '山东省临沂市兰山区罗庄区路', '山东省临沂市兰山区罗庄区大山路泵站', '山东省临沂市兰山区罗庄区临西十二', '山东省临沂市兰山区罗庄区路', '山东省临沂市兰山区罗庄区五洲湖明', '山东省临沂市兰山区罗庄区温泉路', '山东省临沂市兰山区罗庄区沃尔沃路', '山东省临沂市兰山区罗庄区华夏路', '山东省临沂市兰山区罗庄区沂河路', '山东省临沂市兰山区罗庄区广播电视', '山东省临沂市兰山区罗庄区智诚路', '山东省临沂市兰山区罗庄区启阳路', '山东省临沂市兰山区罗庄区工业大道', '山东省临沂市兰山区罗庄区口袋公园', '山东省临沂市兰山区罗庄区三河口隧道大修工程', '山东省临沂市兰山区罗庄区滨河景区新党校段', '山东省临沂市兰山区罗庄区阳光沙滩洗沙', '山东省临沂市兰山区罗庄区罗庄区湖北路', '山东省临沂市兰山区罗庄区罗庄区册山公交停保场', '山东省临沂市兰山区罗庄区罗庄区付庄换乘中心', '山东省临沂市兰山区罗庄区临沂沭埠岭机场', '山东省临沂市兰山区罗庄区人民公园', '山东省临沂市兰山区罗庄区人民广场', '山东省临沂市兰山区罗庄区政务服务中心广场', '山东省临沂市兰山区罗庄区龙湖公园', '山东省临沂市兰山区罗庄区中昇大街', '山东省临沂市兰山区罗庄区小李官', '山东省临沂市兰山区罗庄区石屯水库', '山东省临沂市兰山区罗庄区国际生态城污水处理厂', '山东省临沂市兰山区罗庄区南涑河污水处理厂', '山东省临沂市兰山区罗庄区经开区第二污水处理厂', '山东省临沂市兰山区罗庄区临沂综合保税区', '山东省临沂市兰山区罗庄区永安路', '山东省临沂市兰山区罗庄区文化路', '山东省临沂市兰山区罗庄区清凉', '山东省临沂市兰山区罗庄区河路', '山东省临沂市兰山区罗庄区茶山干渠', '山东省临沂市兰山区罗庄区圣城三路渠', '山东省临沂市兰山区罗庄区圣园街东分洪渠', '山东省临沂市兰山区罗庄区圣园三路分', '山东省临沂市兰山区罗庄区圣城二路渠', '山东省临沂市兰山区罗庄区鸭蛋沟', '山东省临沂市兰山区罗庄区干渠西支疏浚', '山东省临沂市兰山区罗庄区临西十路', '山东省临沂市兰山区罗庄区聚才九路', '山东省临沂市兰山区罗庄区双屠路', '山东省临沂市兰山区罗庄区火车站南片区', '山东省临沂市兰山区罗庄区全民健身馆', '山东省临沂市兰山区罗庄区气膜馆', '山东省临沂市兰山区罗庄区沂蒙路', '山东省临沂市兰山区罗庄区滨河大道', '山东省临沂市兰山区罗庄区雄安大道', '山东省临沂市兰山区罗庄区南京路', '山东省临沂市兰山区罗庄区长春路', '山东省临沂市兰山区罗庄区长春路', '山东省临沂市兰山区罗庄区河北路', '山东省临沂市兰山区罗庄区湖北路沂', '山东省临沂市兰山区罗庄区河桥', '山东省临沂市兰山区罗庄区皇山路', '山东省临沂市兰山区罗庄区南疏港公路']",[<SpaceStandardStatus.success: '2-Success parse'>],0,0,0,0,0
1月3日，鼓楼区二届人大四次会议开幕，区长吴炜在政府工作报告中指出：2020年，鼓楼区坚持稳中求进工作总基调，坚持新发展理念，统筹推进稳增长、促改革、调结构、惠民生、防风险、保稳定等各项工作，进一步提升中心城区首位度。  推进颐和路片区保护利用  展示湖南路商圈新形象  新的一年，鼓楼区将全力以赴推动华贸国际中心、中信泰富总部基地等高端载体建设，加快湖南路、中央门等传统商圈提档升级，积极培育夜间经济、首店经济和品牌连锁经济，努力构建功能完善、布局合理的现代商务商贸产业体系，实现商务商贸业收入增长10%。  同时，将大力发展软件信息业，实现软件业务收入增长12%。  鼓楼区还将积极推进颐和路十一、十三片区保护利用工程，精心打造环南艺美术文化街区、南艺文化创意产业园等特色载体，积极创建全域旅游示范区。  2020年，鼓楼区将提升中心片区环境品质，围绕南京大学、天目路两大片区，推进云南路等主干道立面、仙霞路等街巷综合整治，开辟更多创新发展空间，完善便民利民服务设施，努力打造城市客厅新名片，实现城市更新、产业发展和民生改善的有机统一。鼓楼区将高水平完成湖南路片区环境综合整治，力争早日展示商圈新形象，还将提优城市基础设施功能。  落实长江大保护  办好群众“家门口”的医院  今年，鼓楼区将全面完成大桥沿线等环境整治提升，推进金川河景观桥及大桥公园段步道建设，实施静海寺纪念馆升级改造等工程，大力协调推进金陵船厂搬迁，努力把长江鼓楼段打造为绿色生态段、转型发展段、人文景观段、严管示范段。同时，将巩固提升治水成效，实施外金川河入江口等3项水环境综合提升工程，完成裕顺雅苑等2个积淹水片区改造。  在社会事业方面，鼓楼区将加快推进天妃宫小学等学校建设等；推进“健康鼓楼”建设，办好群众“家门口”的医院；着力完善养老服务体系，实现日间照料中心街道全覆盖。  在鼓楼区2020年的预期目标中，地区生产总值增长7.5%以上，城镇居民人均可支配收入与经济增长同步！  南京晨报/爱南京记者 景正华 摄影报道,['1月3日，鼓楼区二届人大四次会议开幕，区长吴炜在政府工作报告中指出：2020年，鼓楼区坚持稳中求进工作总基调，坚持新发展理念，统筹推进稳增长、促改革、调结构、惠民生、防风险、保稳定等各项工作，进一步提升中心城区首位度。  推进颐和路片区保护利用  展示湖南路商圈新形象  新的一年，鼓楼区将全力以赴推动华贸国际中心、中信泰富总部基地等高端载体建设，加快湖南路、中央门等传统商圈提档升级，积极培育夜间经济、首店经济和品牌连锁经济，努力构建功能完善、布局合理的现代商务商贸产业体系，实现商务商贸业收入增长10%。  同时，将大力发展软件信息业，实现软件业务收入增长12%。  鼓楼区还将积极推进颐和路十一、十三片区保护利用工程，精心打造环南艺美术文化街区、南艺文化创意产业园等特色载体，积极创建全域旅游示范区。  2020年，鼓楼区将提升中心片区环境品质，围绕南京大学、天目路两大片区，推进云南路等主干道立面、仙霞路等街巷综合整治，开辟更多创新发展空间，完善便民利民服务设施，努力打造城市客厅新名片，实现城市更新、产业发展和民生改善的有机统一。鼓楼区将高水平完成湖南路片区环境综合整治，力争早日展示商圈新形象，还将提优城市基础设施功能。  落实长江大保护  办好群众“家门口”的医院  今年，鼓楼区将全面完成大桥沿线等环境整治提升，推进金川河景观桥及大桥公园段步道建设，实施静海寺纪念馆升级改造等工程，大力协调推进金陵船厂搬迁，努力把长江鼓楼段打造为绿色生态段、转型发展段、人文景观段、严管示范段。同时，将巩固提升治水成效，实施外金川河入江口等3项水环境综合提升工程，完成裕顺雅苑等2个积淹水片区改造。  在社会事业方面，鼓楼区将加快推进天妃宫小学等学校建设等；推进“健康鼓楼”建设，办好群众“家门口”的医院；着力完善养老服务体系，实现日间照料中心街道全覆盖。  在鼓楼区2020年的预期目标中，地区生产总值增长7.5%以上，城镇居民人均可支配收入与经济增长同步！  南京晨报/爱南京记者 景正华 摄影报道'],2020-01-05 07:47:07,['1月3日'],"['鼓楼区', '鼓楼区', '鼓楼区', '鼓楼区', '南京']","['颐', '和', '湖南路', '湖南路', '中央门', '颐和路', '南艺美术文化街区', '南艺文化创意产业园', '南京大学', '天目路', '云南路', '仙霞路', '湖南路', '长江', '大桥', '金川河景', '观桥', '大桥公园', '静海寺纪念馆', '金陵船厂', '长江鼓楼', '裕顺雅苑', '天妃宫小学', '健康鼓楼']",['2020-01-03'],[<TimeStandardStatus.success: '2-Success parse'>],"['江苏省南京市鼓楼区鼓楼区鼓楼区鼓楼区颐', '江苏省南京市鼓楼区鼓楼区鼓楼区鼓楼区和', '江苏省南京市鼓楼区鼓楼区鼓楼区鼓楼区湖南路', '江苏省南京市鼓楼区鼓楼区鼓楼区鼓楼区湖南路', '江苏省南京市鼓楼区鼓楼区鼓楼区鼓楼区中央门', '江苏省南京市鼓楼区鼓楼区鼓楼区鼓楼区颐和路', '江苏省南京市鼓楼区鼓楼区鼓楼区鼓楼区南艺美术文化街区', '江苏省南京市鼓楼区鼓楼区鼓楼区鼓楼区南艺文化创意产业园', '江苏省南京市鼓楼区鼓楼区鼓楼区鼓楼区南京大学', '江苏省南京市鼓楼区鼓楼区鼓楼区鼓楼区天目路', '江苏省南京市鼓楼区鼓楼区鼓楼区鼓楼区云南路', '江苏省南京市鼓楼区鼓楼区鼓楼区鼓楼区仙霞路', '江苏省南京市鼓楼区鼓楼区鼓楼区鼓楼区湖南路', '江苏省南京市鼓楼区鼓楼区鼓楼区鼓楼区长江', '江苏省南京市鼓楼区鼓楼区鼓楼区鼓楼区大桥', '江苏省南京市鼓楼区鼓楼区鼓楼区鼓楼区金川河景', '江苏省南京市鼓楼区鼓楼区鼓楼区鼓楼区观桥', '江苏省南京市鼓楼区鼓楼区鼓楼区鼓楼区大桥公园', '江苏省南京市鼓楼区鼓楼区鼓楼区鼓楼区静海寺纪念馆', '江苏省南京市鼓楼区鼓楼区鼓楼区鼓楼区金陵船厂', '江苏省南京市鼓楼区鼓楼区鼓楼区鼓楼区长江鼓楼', '江苏省南京市鼓楼区鼓楼区鼓楼区鼓楼区裕顺雅苑', '江苏省南京市鼓楼区鼓楼区鼓楼区鼓楼区天妃宫小学', '江苏省南京市鼓楼区鼓楼区鼓楼区鼓楼区健康鼓楼']",[<SpaceStandardStatus.success: '2-Success parse'>],0,0,0,0,0
尤猛军说：2019年，旗山湖、晋安湖全面开挖，晋安河直排闽江通道建成投用，修复排水管网1130公里，城区内涝治理初见成效。新建永久截污管道60公里、雨污水管网472公里，清除内河淤泥39万立方米，城区99条主干河道、23条支流黑臭水体治理基本完成。全市造林绿化6.6万亩，中心城区新种乔木7万株，提升林荫大道62条，新建串珠公园102个、滨河绿道100.8公里，完成拆墙透绿535处、边角地绿化238处， “绿进万家、绿满榕城”专项行动有效展开。直播地址：,['尤猛军说：2019年，旗山湖、晋安湖全面开挖，晋安河直排闽江通道建成投用，修复排水管网1130公里，城区内涝治理初见成效。新建永久截污管道60公里、雨污水管网472公里，清除内河淤泥39万立方米，城区99条主干河道、23条支流黑臭水体治理基本完成。全市造林绿化6.6万亩，中心城区新种乔木7万株，提升林荫大道62条，新建串珠公园102个、滨河绿道100.8公里，完成拆墙透绿535处、边角地绿化238处， “绿进万家、绿满榕城”专项行动有效展开。直播地址：'],2020-01-05 09:34:39,[],['榕城'],"['串珠公园', '滨河绿道']",2020-01-05,TimeStandardStatus.unrecognized,"['串珠公园', '滨河绿道']",[<SpaceStandardStatus.success: '2-Success parse'>],0,0,0,0,0
记者1月5日从海口市龙昆南延长线市政化改造工程项目部获悉，目前该工程项目主线已基本完工通车，不仅缓解了龙昆南延长线与椰海大道十字交叉路口的拥堵情况，使行人和车辆通行更加快捷安全，同时还将解决大暴雨导致的城市内涝问题。 ,['记者1月5日从海口市龙昆南延长线市政化改造工程项目部获悉，目前该工程项目主线已基本完工通车，不仅缓解了龙昆南延长线与椰海大道十字交叉路口的拥堵情况，使行人和车辆通行更加快捷安全，同时还将解决大暴雨导致的城市内涝问题。 '],2020-01-06 17:16:06,['1月5日'],['海口市'],"['龙昆南延长线市政化改造工程项目部', '龙昆南延', '长线', '椰海大道']",['2020-01-05'],[<TimeStandardStatus.success: '2-Success parse'>],"['海南省海口市龙昆南延长线市政化改造工程项目部', '海南省海口市龙昆南延', '海南省海口市长线', '海南省海口市椰海大道']",[<SpaceStandardStatus.success: '2-Success parse'>],0,0,0,0,0
今天刚一上班阳光妹儿就接到热心群众反映，说在黄河大桥段至东桥段的旌湖水域，有大量黑色不明水体从排水口排出直接流进了旌湖，使得原本清澈洁净的湖水面现了好大一块“黑斑”，很是揪心。 听闻爆料后阳光妹儿第一时间来到事发水域查看情况。此时河堤排水口的排水情况已经正常，没有出现黑色水体。那么，黑色水体究竟是从哪来的，会不会再次从排水口流出？带着疑问，阳光妹儿立即与城管执法局直属一大队取得了联系。城管执法局的队员们赶到现场后，首先对事发水域进行分析查看，紧接着，队员们沿着水域上游，检查沿途饭店的隔油池是否合格，排水井有无垃圾淤堵情况。对该区域的排水设施运行情况进行一番排查之后，并未发现有偷排污水的情况，那么照片中的“黑水”到底是怎么回事呢？ 　　经过城管队员多方联系，“黑水”的根源终于被找到了。原来，这些“黑水”是市住建局的工作人员对附近排水管道进行清淤施工后流出的淤泥水，并非是恶意污染排放。 　　相关人员介绍说，地下排水管道如果不及时清理，一旦造成淤堵，那么管道的正常排水功能就会大打折扣。通过管道清淤，恢复其正常过水功能，可以有效解决城市内涝、污水外溢等问题，使得地下排水管线能够更好地服务于社会，服务我们的生活！      到这里，旌湖“黑水”事件终于真相大白，在这里阳光妹儿也要感谢那些热心旌湖环保工作的市民们，大家多关心一点身边的环境，我们的生活也就多一份美丽。,['今天刚一上班阳光妹儿就接到热心群众反映，说在黄河大桥段至东桥段的旌湖水域，有大量黑色不明水体从排水口排出直接流进了旌湖，使得原本清澈洁净的湖水面现了好大一块“黑斑”，很是揪心。 听闻爆料后阳光妹儿第一时间来到事发水域查看情况。此时河堤排水口的排水情况已经正常，没有出现黑色水体。那么，黑色水体究竟是从哪来的，会不会再次从排水口流出？带着疑问，阳光妹儿立即与城管执法局直属一大队取得了联系。城管执法局的队员们赶到现场后，首先对事发水域进行分析查看，紧接着，队员们沿着水域上游，检查沿途饭店的隔油池是否合格，排水井有无垃圾淤堵情况。对该区域的排水设施运行情况进行一番排查之后，并未发现有偷排污水的情况，那么照片中的“黑水”到底是怎么回事呢？ \u3000\u3000经过城管队员多方联系，“黑水”的根源终于被找到了。原来，这些“黑水”是市住建局的工作人员对附近排水管道进行清淤施工后流出的淤泥水，并非是恶意污染排放。 \u3000\u3000相关人员介绍说，地下排水管道如果不及时清理，一旦造成淤堵，那么管道的正常排水功能就会大打折扣。通过管道清淤，恢复其正常过水功能，可以有效解决城市内涝、污水外溢等问题，使得地下排水管线能够更好地服务于社会，服务我们的生活！      到这里，旌湖“黑水”事件终于真相大白，在这里阳光妹儿也要感谢那些热心旌湖环保工作的市民们，大家多关心一点身边的环境，我们的生活也就多一份美丽。'],2020-01-06 19:24:01,[],['旌湖'],['黄河大'],2020-01-06,TimeStandardStatus.unrecognized,['黄河大'],[<SpaceStandardStatus.success: '2-Success parse'>],0,0,0,0,0
 2019年7月，本博反映颍州区干休所附近区域下雨致附近居民出行困难，不久官方即回复已安排文峰办事处清淤保证居民出行。时隔五个月后，该区域再次积水严重，致使附近居民在寒冬腊月趟水出行…………     不能光嘴上回应，更要抓落实，形式主义害死人 ,[' 2019年7月，本博反映颍州区干休所附近区域下雨致附近居民出行困难，不久官方即回复已安排文峰办事处清淤保证居民出行。时隔五个月后，该区域再次积水严重，致使附近居民在寒冬腊月趟水出行…………     不能光嘴上回应，更要抓落实，形式主义害死人 '],2020-01-07 08:14:43,"['2019年7月', '五个月', '寒冬腊月']",,['颍州区干休所'],['2020-01-07'],[<TimeStandardStatus.Not_time_point: '1-Not time point'>],Nodata,SpaceStandardStatus.miss_gpe,0,0,0,0,0
恒隆路成排污河， 愁对门前浪飞车。 抑尘何须喷水炮， 荆沙归还云梦泽。          ——2020.1.7《恒隆路又成河》记录一下周期，自从沙市东区的红光污水处理厂重新启用以来，排污口正常情况处于关闭状态，因雨造成西干渠和豉湖渠水位升高，从窨井倒灌时，才临时开启排污闸泄流。荆沙大道北、豉湖路以东，主要是恒隆公司一段地势较低，不下雨时也会因为窨井倒灌淹水。昨晚开始道路又变成了河流，距离上一次淹水有一个多月时间，看看下次发生时间间隔多久？  ,['恒隆路成排污河， 愁对门前浪飞车。 抑尘何须喷水炮， 荆沙归还云梦泽。          ——2020.1.7《恒隆路又成河》记录一下周期，自从沙市东区的红光污水处理厂重新启用以来，排污口正常情况处于关闭状态，因雨造成西干渠和豉湖渠水位升高，从窨井倒灌时，才临时开启排污闸泄流。荆沙大道北、豉湖路以东，主要是恒隆公司一段地势较低，不下雨时也会因为窨井倒灌淹水。昨晚开始道路又变成了河流，距离上一次淹水有一个多月时间，看看下次发生时间间隔多久？  '],2020-01-07 09:25:55,['一个多月'],['沙市'],"['恒隆', '红光污水处理厂', '豉湖', '荆沙大', '豉湖路']",['2020-01-07'],[<TimeStandardStatus.Not_time_point: '1-Not time point'>],"['恒隆', '红光污水处理厂', '豉湖', '荆沙大', '豉湖路']",[<SpaceStandardStatus.success: '2-Success parse'>],0,0,0,0,0
新建项目84项，总投资170亿元，其中2020年投资123.2 亿元。日前，2020年临沂中心城区基础设施及重点项目建设“出炉”，陶然路改造、北京东路提升改造、内涝及积水点治理、黑臭水体治理等民生热点工程均被列入了日程。,['新建项目84项，总投资170亿元，其中2020年投资123.2 亿元。日前，2020年临沂中心城区基础设施及重点项目建设“出炉”，陶然路改造、北京东路提升改造、内涝及积水点治理、黑臭水体治理等民生热点工程均被列入了日程。'],2020-01-07 15:33:16,[],['临沂'],"['陶然', '路', '北京东路']",2020-01-07,TimeStandardStatus.unrecognized,"['山东省临沂市陶然', '山东省临沂市路', '山东省临沂市北京东路']",[<SpaceStandardStatus.success: '2-Success parse'>],0,0,0,0,0
1月3日18时21分许，五通桥区公安分局指挥中心接到群众报警称，在竹根镇岷江路南段“王爷庙”河边，有一位老人跳河，请民警帮助。  接到指令后，竹根派出所民警立即赶赴现场，到达时发现轻生者已在河内，被河水冲到一个低洼处，已经陷入昏迷，随时可能被冲走。  危急时刻，民警二话不说迅速跳进刺骨的河水中，慢慢将老人拉上岸。在等待120期间，为防止老人因体温过低出现意外，民警对其进行急救，直至其慢慢恢复意识。  救援期间，民警了解到，老人有一个儿子住在五通桥辖区，民警立即与其联系。老人的儿子赶来后对民警表示感谢，并说自己会好好开导父亲，让他过一个美好的晚年。   据了解，该轻生老人因为常年生病，随着年龄的增长，身体一年不如一年，家里的钱因为他看病也用得差不多了，为了不给家人增加负担，才选择了轻生这条路。,['1月3日18时21分许，五通桥区公安分局指挥中心接到群众报警称，在竹根镇岷江路南段“王爷庙”河边，有一位老人跳河，请民警帮助。  接到指令后，竹根派出所民警立即赶赴现场，到达时发现轻生者已在河内，被河水冲到一个低洼处，已经陷入昏迷，随时可能被冲走。  危急时刻，民警二话不说迅速跳进刺骨的河水中，慢慢将老人拉上岸。在等待120期间，为防止老人因体温过低出现意外，民警对其进行急救，直至其慢慢恢复意识。  救援期间，民警了解到，老人有一个儿子住在五通桥辖区，民警立即与其联系。老人的儿子赶来后对民警表示感谢，并说自己会好好开导父亲，让他过一个美好的晚年。   据了解，该轻生老人因为常年生病，随着年龄的增长，身体一年不如一年，家里的钱因为他看病也用得差不多了，为了不给家人增加负担，才选择了轻生这条路。'],2020-01-07 17:00:04,['1月3日18时21分许'],,"['王爷庙', '五通桥']",[],[],Nodata,SpaceStandardStatus.miss_gpe,0,0,0,0,0
游彭城  乘一宿的火车，由杭州来到了徐州。蒙蒙细雨笼罩四周，气温明显降了下来。与杭州的香风软语不同，徐州的空气有了清冽的味道。安放好背包，简单吃了有地方特色的早餐：煎饺糊辣汤。就去楚王陵游览。一下公共汽车，就被路边的楚王陵雕塑震慑住了。盘桓一会，就去了徐州汉文化景区：门票90元，60岁以上老人减半。三个必看景点：狮子山楚王陵，汉兵马俑博物馆，汉画长廊。除此之外，还有汉传佛教游览区，如幽静的竹林寺、观音阁，第一批比丘尼纪念堂等一些香火鼎盛庙宇寺院。来到山顶的观音阁大雄宝殿时雨雪纷纷，一时间真不知身处何地了。由于园内排水不畅，地面积水不少。游完这个汉文化公园，我的棉靴因趟水已经湿透了。只好又去商店买了一双棉靴子以备替换。,['游彭城  乘一宿的火车，由杭州来到了徐州。蒙蒙细雨笼罩四周，气温明显降了下来。与杭州的香风软语不同，徐州的空气有了清冽的味道。安放好背包，简单吃了有地方特色的早餐：煎饺糊辣汤。就去楚王陵游览。一下公共汽车，就被路边的楚王陵雕塑震慑住了。盘桓一会，就去了徐州汉文化景区：门票90元，60岁以上老人减半。三个必看景点：狮子山楚王陵，汉兵马俑博物馆，汉画长廊。除此之外，还有汉传佛教游览区，如幽静的竹林寺、观音阁，第一批比丘尼纪念堂等一些香火鼎盛庙宇寺院。来到山顶的观音阁大雄宝殿时雨雪纷纷，一时间真不知身处何地了。由于园内排水不畅，地面积水不少。游完这个汉文化公园，我的棉靴因趟水已经湿透了。只好又去商店买了一双棉靴子以备替换。'],2020-01-07 18:17:02,[],"['游彭', '城', '杭州', '徐州', '杭州', '徐州']","['楚王陵', '徐州汉文化景区', '狮子山楚', '汉兵马俑博物馆', '汉画长廊', '竹林寺', '观音阁', '第一批比丘尼纪念堂', '观音阁', '汉文化公园']",2020-01-07,TimeStandardStatus.unrecognized,"['浙江省杭州市徐州市杭州市徐州市楚王陵', '浙江省杭州市徐州市杭州市徐州市徐州汉文化景区', '浙江省杭州市徐州市杭州市徐州市狮子山楚', '浙江省杭州市徐州市杭州市徐州市汉兵马俑博物馆', '浙江省杭州市徐州市杭州市徐州市汉画长廊', '浙江省杭州市徐州市杭州市徐州市竹林寺', '浙江省杭州市徐州市杭州市徐州市观音阁', '浙江省杭州市徐州市杭州市徐州市第一批比丘尼纪念堂', '浙江省杭州市徐州市杭州市徐州市观音阁', '浙江省杭州市徐州市杭州市徐州市汉文化公园']",[<SpaceStandardStatus.success: '2-Success parse'>],0,0,0,0,0
在阳历2020阴历己亥猪年的尾端，北京都下了三场雪了济南终于迎来了第一场雪，虽然来地比往年晚了许多，但它终于还是来了！漫天的雪花飘飘洒酒，93路公交车慢吞吞地停在山师东路北口，我一脚就踩进了雪水中，水浸入了鞋子，凉意袭来。门卫大哥卖力扫着雪水，好歹枯树和各种植物平房上的雪都立住了，雪让这个暖暖地冬天平添了韵味！下面这两张照片是2019年12月14日我去联勤宾馆听中医传承讲座在大门口露天照地，红红地菊花在温暖冬天开地如此娇艳，不仅要说老天都晕了！好歹老天终于茅塞顿开，该干啥干啥济南下了第一场雪 ,['在阳历2020阴历己亥猪年的尾端，北京都下了三场雪了济南终于迎来了第一场雪，虽然来地比往年晚了许多，但它终于还是来了！漫天的雪花飘飘洒酒，93路公交车慢吞吞地停在山师东路北口，我一脚就踩进了雪水中，水浸入了鞋子，凉意袭来。门卫大哥卖力扫着雪水，好歹枯树和各种植物平房上的雪都立住了，雪让这个暖暖地冬天平添了韵味！下面这两张照片是2019年12月14日我去联勤宾馆听中医传承讲座在大门口露天照地，红红地菊花在温暖冬天开地如此娇艳，不仅要说老天都晕了！好歹老天终于茅塞顿开，该干啥干啥济南下了第一场雪 '],2020-01-07 21:12:19,['2019年12月14日'],"['北京', '济南', '济南']","['山师东路', '联勤宾馆']",[],[],"['北京市山东省山东省北京市济南市济南市山师东路', '北京市山东省山东省北京市济南市济南市联勤宾馆']",[<SpaceStandardStatus.success: '2-Success parse'>],0,0,0,0,0
中秋夜洞庭湖对月歌 [清] 查慎行 长风霾云莽千里，云气蓬蓬天冒水。 风收云散波乍平，倒转青天作湖底。 初看落日沉波红，素月欲升天敛容。 舟人回首尽东望，吞吐故在冯夷宫。 须臾忽自波心上，镜面横开十余丈。 月光浸水水浸天，一派空明互回荡。 此时骊龙潜最深，目炫不得衔珠吟。 巨鱼无知作腾踔，鳞甲一动千黄金。 人间此境知难必，快意翻从偶然得。 遥闻渔父唱歌来，始觉中秋是今夕。,['中秋夜洞庭湖对月歌 [清] 查慎行 长风霾云莽千里，云气蓬蓬天冒水。 风收云散波乍平，倒转青天作湖底。 初看落日沉波红，素月欲升天敛容。 舟人回首尽东望，吞吐故在冯夷宫。 须臾忽自波心上，镜面横开十余丈。 月光浸水水浸天，一派空明互回荡。 此时骊龙潜最深，目炫不得衔珠吟。 巨鱼无知作腾踔，鳞甲一动千黄金。 人间此境知难必，快意翻从偶然得。 遥闻渔父唱歌来，始觉中秋是今夕。'],2020-01-07 23:19:44,[],,['冯夷宫'],2020-01-07,TimeStandardStatus.unrecognized,Nodata,SpaceStandardStatus.miss_gpe,0,0,0,0,0
 倾听民意解民忧为群众办更多实事  “大家要相信政府，一定会为你们解决难题！”区人大代表徐香春多次在大暴雨时，组织技术人员到泗泾镇钱家小区踏勘，耐心地安抚情绪激动的居民，积极听取多方意见制定解决方案。通过在小区内新建雨水提升泵，在张泾路修建污水提升泵等措施，彻底解决了困扰这一小区居民多年的难题。在徐香春的推动下，泗泾镇长浜小区、叶家小区小型提升泵站相继建成并投入使用，彻底解决了小区的内涝问题。 　　过去的一年，徐香春代表认真履职，扎实办事，为人民群众解决了一个又一个难题，用自己的实际行动，展现了基层人大代表的风采。 　　在泗泾塘两侧的巡查中，徐香春看到河道两侧居民家中的厕所排污管直接将污水排入河中，严重影响到泗泾塘古镇核心水系的水质。他积极走访居民，了解情况，同时向镇党委、政府提出“整治泗泾塘两岸排污问题的可行性方案”，并获通过。经过几个月的努力，河道两侧居民家的污水直排管都截掉了，整齐地排起了环保的收集管，解决了居民家排污的问题。现在，泗泾塘的水质都到了明显改善。 　　徐香春始终把人民的呼声、群众的困难放在心里。哪里群众有困难，她就直奔哪里。她常说：“我们要善于去发现、去解决居民关心的、关乎百姓切身利益的民生问题。民生问题无小事，民生问题解决好了，党和政府的威信也就更高了。” 　　去年，区人大代表们关注民生重实情、倾听民意解民忧，一直行走在倾听群众呼声，切实解决百姓急难愁问题的第一线。一年来，共有市、区人大代表418人次通过座谈、走访等形式联系群众4260人次，收集群众意见建议1482件，其中涉及区级层面124件，已全部办理。 　　庄继锋作为一名区人大代表，为百姓的安全出行解决了很多实际问题。为缓解行人和机动车通行的矛盾，庄继锋代表带领区交警支队人员，在全区20多处人行横道线前喷涂“礼让行人”标识，在15个路口使用红漆喷涂“行人等候区”，并辅以警力加强管理，确保了全区道路通行效率的明显提升。庄继锋还带领区交警支队相关人员会同区各委办局积极开展实地调研，并从释放道路通行资源、重构道路交通组织出发，累积取消路面停车位近700个。现在，中山东路、松汇中路、方塔北路等路面停车位取消了，并增加两根机动车道，困扰上述路段多年难以解决的拥堵问题迎刃而解。 　　在过去的一年中，区人大积极落实代表建议意见。自区五届人大六次会议以来收到的112件代表建议，已经全部办理答复，其中答复“解决采纳”和“正在解决”的有79件，占总数的70.5%。代表们表示，随着自身履职水平的提高，工作中越发彰显出自己的“桥梁”角色，也愿意为群众办更多的实事。,[' 倾听民意解民忧为群众办更多实事  “大家要相信政府，一定会为你们解决难题！”区人大代表徐香春多次在大暴雨时，组织技术人员到泗泾镇钱家小区踏勘，耐心地安抚情绪激动的居民，积极听取多方意见制定解决方案。通过在小区内新建雨水提升泵，在张泾路修建污水提升泵等措施，彻底解决了困扰这一小区居民多年的难题。在徐香春的推动下，泗泾镇长浜小区、叶家小区小型提升泵站相继建成并投入使用，彻底解决了小区的内涝问题。 \u3000\u3000过去的一年，徐香春代表认真履职，扎实办事，为人民群众解决了一个又一个难题，用自己的实际行动，展现了基层人大代表的风采。 \u3000\u3000在泗泾塘两侧的巡查中，徐香春看到河道两侧居民家中的厕所排污管直接将污水排入河中，严重影响到泗泾塘古镇核心水系的水质。他积极走访居民，了解情况，同时向镇党委、政府提出“整治泗泾塘两岸排污问题的可行性方案”，并获通过。经过几个月的努力，河道两侧居民家的污水直排管都截掉了，整齐地排起了环保的收集管，解决了居民家排污的问题。现在，泗泾塘的水质都到了明显改善。 \u3000\u3000徐香春始终把人民的呼声、群众的困难放在心里。哪里群众有困难，她就直奔哪里。她常说：“我们要善于去发现、去解决居民关心的、关乎百姓切身利益的民生问题。民生问题无小事，民生问题解决好了，党和政府的威信也就更高了。” \u3000\u3000去年，区人大代表们关注民生重实情、倾听民意解民忧，一直行走在倾听群众呼声，切实解决百姓急难愁问题的第一线。一年来，共有市、区人大代表418人次通过座谈、走访等形式联系群众4260人次，收集群众意见建议1482件，其中涉及区级层面124件，已全部办理。 \u3000\u3000庄继锋作为一名区人大代表，为百姓的安全出行解决了很多实际问题。为缓解行人和机动车通行的矛盾，庄继锋代表带领区交警支队人员，在全区20多处人行横道线前喷涂“礼让行人”标识，在15个路口使用红漆喷涂“行人等候区”，并辅以警力加强管理，确保了全区道路通行效率的明显提升。庄继锋还带领区交警支队相关人员会同区各委办局积极开展实地调研，并从释放道路通行资源、重构道路交通组织出发，累积取消路面停车位近700个。现在，中山东路、松汇中路、方塔北路等路面停车位取消了，并增加两根机动车道，困扰上述路段多年难以解决的拥堵问题迎刃而解。 \u3000\u3000在过去的一年中，区人大积极落实代表建议意见。自区五届人大六次会议以来收到的112件代表建议，已经全部办理答复，其中答复“解决采纳”和“正在解决”的有79件，占总数的70.5%。代表们表示，随着自身履职水平的提高，工作中越发彰显出自己的“桥梁”角色，也愿意为群众办更多的实事。'],2020-01-08 10:44:58,['几个月'],"['泗泾镇', '泗泾', '区']","['钱家小区', '泗泾镇长浜小区', '叶家小区', '塘', '泗泾塘', '中山东路', '松汇中路', '方塔北路']",['2020-01-08'],[<TimeStandardStatus.unrecognized: '1-Unrecognized nerTime'>],"['钱家小区', '泗泾镇长浜小区', '叶家小区', '塘', '泗泾塘', '广东省中山市东路', '松汇中路', '方塔北路']",[<SpaceStandardStatus.success: '2-Success parse'>],0,0,0,0,0
违建第十六天——故多占地方，违建位置连排水口都覆盖了，雨季若造成东八街内浸水（2018年6月高考期间曾水浸东八街，水深1米多），真的是要追究相关部门和肇事者责任！广州市越秀区建设二马路东八街10号加装完电梯，擅自拆除楼梯和围墙！                    ,['违建第十六天——故多占地方，违建位置连排水口都覆盖了，雨季若造成东八街内浸水（2018年6月高考期间曾水浸东八街，水深1米多），真的是要追究相关部门和肇事者责任！广州市越秀区建设二马路东八街10号加装完电梯，擅自拆除楼梯和围墙！                    '],2020-01-08 12:07:36,['2018年6月'],"['广州市', '越秀区']","['东八街', '八街', '二马路东八街10号']",[],[],"['广东省广州市越秀区东八街', '广东省广州市越秀区八街', '广东省广州市越秀区二马路东八街10号']",[<SpaceStandardStatus.success: '2-Success parse'>],0,0,0,0,0
复兴河公园景观工程（一期）作为天津市海绵城市公园试点建设工程，于近日接受了国家专家组的检查考核，专家组对工程采用的海绵城市设计理念和施工工艺给予高度评价和认可，工程最终顺利通过了国家海绵城市试点终期验收。 复兴河公园景观工程（一期）是由市花卉中心承建的市属重点工程，也是解放南路地区海绵城市试点建设项目，已于2019年12月下旬高标准完成了全部建设内容。一期工程占地面积37168平方米北至沐江道，南至现状铁道，西至太湖路，东临内江道。设计施工过程中，充分融入了透水铺装、雨水花园、智能喷灌、下沉式绿地、生态植草沟等施工工艺，并将配合太湖路，减少雨水径流量，降低面源污染，提高雨水资源化利用，充分发挥城市绿地、道路、水系等对雨水的吸纳、蓄渗和缓释作用，有效缓解城市内涝，减少城市径流污染。,['复兴河公园景观工程（一期）作为天津市海绵城市公园试点建设工程，于近日接受了国家专家组的检查考核，专家组对工程采用的海绵城市设计理念和施工工艺给予高度评价和认可，工程最终顺利通过了国家海绵城市试点终期验收。 复兴河公园景观工程（一期）是由市花卉中心承建的市属重点工程，也是解放南路地区海绵城市试点建设项目，已于2019年12月下旬高标准完成了全部建设内容。一期工程占地面积37168平方米北至沐江道，南至现状铁道，西至太湖路，东临内江道。设计施工过程中，充分融入了透水铺装、雨水花园、智能喷灌、下沉式绿地、生态植草沟等施工工艺，并将配合太湖路，减少雨水径流量，降低面源污染，提高雨水资源化利用，充分发挥城市绿地、道路、水系等对雨水的吸纳、蓄渗和缓释作用，有效缓解城市内涝，减少城市径流污染。'],2020-01-08 14:45:09,['2019年12月下旬'],['天津市'],"['复兴河公园', '海绵城市公园试点建设工程', '复兴河公园', '解放南路', '沐江道', '内', '江道', '太湖路']",['2020-01-08'],[<TimeStandardStatus.Not_time_point: '1-Not time point'>],"['天津市天津市复兴河公园', '天津市天津市海绵城市公园试点建设工程', '天津市天津市复兴河公园', '天津市天津市解放南路', '天津市天津市沐江道', '天津市天津市内', '天津市天津市江道', '天津市天津市太湖路']",[<SpaceStandardStatus.success: '2-Success parse'>],0,0,0,0,0
近日，有群众向8890平台反映，铁西区果园街某公司附近路面积水成冰，存在安全隐患。铁西经济开发区调查发现，果园街是一条未完工的断头路，道路排水管网未能与市政排水管网相连接。诉求人反映的位置处于低洼处，雨天容易内涝。铁西经济开发区负责同志对此高度重视，多次与水务集团沟通，在资金困难的情况下，开发区管委会耗资约30万元，新建管线约200米，由水务集团对管线进行施工，彻底解决了该路段的内涝积水问题，也为附近园区建设发展解决了难题。      去年，群众多次向8890平台反映东方学校附近道路坑坑洼洼，下水井没有井盖。该路段因涉及动迁等问题，修复工程中断。对此，立山区相关负责同志会同区住建局实地考察，商议道路修复方案。目前，道路已经修复并投入使用。via鞍山日报,['近日，有群众向8890平台反映，铁西区果园街某公司附近路面积水成冰，存在安全隐患。铁西经济开发区调查发现，果园街是一条未完工的断头路，道路排水管网未能与市政排水管网相连接。诉求人反映的位置处于低洼处，雨天容易内涝。铁西经济开发区负责同志对此高度重视，多次与水务集团沟通，在资金困难的情况下，开发区管委会耗资约30万元，新建管线约200米，由水务集团对管线进行施工，彻底解决了该路段的内涝积水问题，也为附近园区建设发展解决了难题。      去年，群众多次向8890平台反映东方学校附近道路坑坑洼洼，下水井没有井盖。该路段因涉及动迁等问题，修复工程中断。对此，立山区相关负责同志会同区住建局实地考察，商议道路修复方案。目前，道路已经修复并投入使用。via鞍山日报'],2020-01-09 13:20:03,[],"['铁西', '铁西']","['街', '8890平台']",2020-01-09,TimeStandardStatus.unrecognized,"['吉林省四平市铁西区铁西区街', '吉林省四平市铁西区铁西区8890平台']",[<SpaceStandardStatus.success: '2-Success parse'>],0,0,0,0,0
武汉，冬天，今天早上，再次看海！天气预报是中雪，结果下着中雨，南湖大道和民族大道的十字路口淹水了这么一点水量也淹也是醉了。 ,['武汉，冬天，今天早上，再次看海！天气预报是中雪，结果下着中雨，南湖大道和民族大道的十字路口淹水了这么一点水量也淹也是醉了。 '],2020-01-09 14:33:17,[],['武汉'],"['南湖大道', '民族大道']",2020-01-09,TimeStandardStatus.unrecognized,"['湖北省武汉市南湖大道', '湖北省武汉市民族大道']",[<SpaceStandardStatus.success: '2-Success parse'>],0,0,0,0,0
违建第十八天——故意多占地方，违建位置连排水口都覆盖了，雨季若造成东八街内浸水（2018年6月高考期间曾水浸东八街，水深1米多），真的是要追究相关部门和肇事者责任！广州市越秀区建设二马路东八街10号加装完电梯，擅自拆除楼梯和围墙！                     ,['违建第十八天——故意多占地方，违建位置连排水口都覆盖了，雨季若造成东八街内浸水（2018年6月高考期间曾水浸东八街，水深1米多），真的是要追究相关部门和肇事者责任！广州市越秀区建设二马路东八街10号加装完电梯，擅自拆除楼梯和围墙！                     '],2020-01-10 15:48:06,['2018年6月'],"['广州市', '越秀区']","['东八街', '八街', '二马路东八街10号']",[],[],"['广东省广州市越秀区东八街', '广东省广州市越秀区八街', '广东省广州市越秀区二马路东八街10号']",[<SpaceStandardStatus.success: '2-Success parse'>],0,0,0,0,0
三林谷   概念方案: TLS景观设计事务所   三林楔形绿地占地241公顷，是上海重点打造的“环城绿肺”-八大楔形绿地中的一块，也是着力打造对抗24万人密集型城市“热岛效应”的战略据点。场地北邻前滩商务区，南侧为外环生态廊道，坐拥黄埔滨江东岸。场地现状被河道以及多条城市道路严重分割 - 如何将被割裂的碎片重新组织成一个连贯的市政公园，同时平衡生态与城市生活的需求，并探索研究大型城市生态绿地的新型可持续发展道路，是业主的主要诉求。  公园整体设计用不断变化的微地形及“山谷”赋予场地活力，将回收再利用拆迁后的建筑废料，并与地形建筑，地下车库巧妙的结合，将公园地形有机的组织起来。地形结合桥体设计，通过“看不见的桥”跨越场地的道路水路分割，最终达到设计的整体性。这种富有变化的地形设计不仅将园桥连接起来，也有助于雨水的收集和再利用、微气候及气流的塑造及引导、竖向活动空间的丰富及设计，并最大程度优化场地生态类别的多样性，包括次挺水湿地，挺水湿地，雨水花园，湿草甸，低地森林与高地森林。  公园大部分区域会被人工养植的本土植物所覆盖，通过地形与水系的交织构成一个系列的“山谷”，其中包括主题为“运动文化”的动之谷，生态学习互动的“水之谷”，风道设计核心的“风之谷”，杉林水溪的“森之谷”以及推广可持续新型农业及展示大地艺术的“土之谷”。  生态漫道系统将会蜿蜒嵌入整个慢行系统中，随着生态漫道人们会进入森林，湿地，水域， 并保证人们安全与大自然的近距离接触。结合场地北面的历史文化建筑，通过对水土的调和与景观构筑物的设计，动之谷的核心区域将会彰显三林的文体精神，与此同时打造最适宜人们活动的微气候环境。  水之谷位于场地生态廊道的最北端，是场地一系列水系统净化后，水质最优的区域，也是人们游玩观测的最佳场所。  水杉林溪位于场地南端的森之谷，河道净水系统的设计结合上海本地生态特色，将功能与生态景观完美融合。  生态农田的设计一方面将场地记忆唤醒，另一方面结合净水系统合力打造新型的可持续发展农田。除此之外滨江音乐广场也将作为三林新地标融入在整个生态谷的设计当中。这些区块的功能定位经过一系列精密的场地设计及研究，将城市所需的活动与生态本底有机的交融在一起。  在交通上，公园通过三种不同类型的慢行系统有机的联系起来，连续跨越的人行桥、景观桥和生态桥使行人，自行车及动物拥有安全连贯的移动路径。三大慢行系统由中心的内环滨水大道、连绵起伏的中环景观大道以及平坦静谧的外环慢行大道着力构成，更有两条蜿蜒曲折的生态漫道与中环景观大道交织而行。 依据科学的风道及微气候设计研究，地形设计总体的策略为“北山南水”，以阻挡来自北边的寒冷的冬季风，使北部的文体区及南部的农田成为适于冬季活动的避风场所，与此同时疏导引流来自南边的湿热夏季风。在对地形、植被、气流的综合设计下，根据不同活动功能“山谷”的需求，也设计出不同的微气候环境。  在总体的河道设计策略上，注重河道自身的净水系统及季节性溪流的设计，打造四大净水湿地并与不同区位生态特色相结合，如芦苇荡净水湿地、氧合阶梯净水湿地、雨水花园挺水植物净水湿地，以及水杉沼泽净水湿地。为响应“海绵城市”的号召，场地也着力打造生物蓄水池及生物滞水区的设计，通过植草过滤渠收集到的雨水资源有效的利用，储存和渗透引流，减轻场地及周边地区的内涝及雨洪问题。,['三林谷   概念方案: TLS景观设计事务所   三林楔形绿地占地241公顷，是上海重点打造的“环城绿肺”-八大楔形绿地中的一块，也是着力打造对抗24万人密集型城市“热岛效应”的战略据点。场地北邻前滩商务区，南侧为外环生态廊道，坐拥黄埔滨江东岸。场地现状被河道以及多条城市道路严重分割 - 如何将被割裂的碎片重新组织成一个连贯的市政公园，同时平衡生态与城市生活的需求，并探索研究大型城市生态绿地的新型可持续发展道路，是业主的主要诉求。  公园整体设计用不断变化的微地形及“山谷”赋予场地活力，将回收再利用拆迁后的建筑废料，并与地形建筑，地下车库巧妙的结合，将公园地形有机的组织起来。地形结合桥体设计，通过“看不见的桥”跨越场地的道路水路分割，最终达到设计的整体性。这种富有变化的地形设计不仅将园桥连接起来，也有助于雨水的收集和再利用、微气候及气流的塑造及引导、竖向活动空间的丰富及设计，并最大程度优化场地生态类别的多样性，包括次挺水湿地，挺水湿地，雨水花园，湿草甸，低地森林与高地森林。  公园大部分区域会被人工养植的本土植物所覆盖，通过地形与水系的交织构成一个系列的“山谷”，其中包括主题为“运动文化”的动之谷，生态学习互动的“水之谷”，风道设计核心的“风之谷”，杉林水溪的“森之谷”以及推广可持续新型农业及展示大地艺术的“土之谷”。  生态漫道系统将会蜿蜒嵌入整个慢行系统中，随着生态漫道人们会进入森林，湿地，水域， 并保证人们安全与大自然的近距离接触。结合场地北面的历史文化建筑，通过对水土的调和与景观构筑物的设计，动之谷的核心区域将会彰显三林的文体精神，与此同时打造最适宜人们活动的微气候环境。  水之谷位于场地生态廊道的最北端，是场地一系列水系统净化后，水质最优的区域，也是人们游玩观测的最佳场所。  水杉林溪位于场地南端的森之谷，河道净水系统的设计结合上海本地生态特色，将功能与生态景观完美融合。  生态农田的设计一方面将场地记忆唤醒，另一方面结合净水系统合力打造新型的可持续发展农田。除此之外滨江音乐广场也将作为三林新地标融入在整个生态谷的设计当中。这些区块的功能定位经过一系列精密的场地设计及研究，将城市所需的活动与生态本底有机的交融在一起。  在交通上，公园通过三种不同类型的慢行系统有机的联系起来，连续跨越的人行桥、景观桥和生态桥使行人，自行车及动物拥有安全连贯的移动路径。三大慢行系统由中心的内环滨水大道、连绵起伏的中环景观大道以及平坦静谧的外环慢行大道着力构成，更有两条蜿蜒曲折的生态漫道与中环景观大道交织而行。 依据科学的风道及微气候设计研究，地形设计总体的策略为“北山南水”，以阻挡来自北边的寒冷的冬季风，使北部的文体区及南部的农田成为适于冬季活动的避风场所，与此同时疏导引流来自南边的湿热夏季风。在对地形、植被、气流的综合设计下，根据不同活动功能“山谷”的需求，也设计出不同的微气候环境。  在总体的河道设计策略上，注重河道自身的净水系统及季节性溪流的设计，打造四大净水湿地并与不同区位生态特色相结合，如芦苇荡净水湿地、氧合阶梯净水湿地、雨水花园挺水植物净水湿地，以及水杉沼泽净水湿地。为响应“海绵城市”的号召，场地也着力打造生物蓄水池及生物滞水区的设计，通过植草过滤渠收集到的雨水资源有效的利用，储存和渗透引流，减轻场地及周边地区的内涝及雨洪问题。'],2020-01-11 07:44:49,[],"['三林', '上海', '前滩', '三林', '上海']","['三林谷', '外环生态廊道', '之', '之', '谷', '滨江音乐广场', '生态谷', '生态桥', '内环滨水大道', '中环景观大道', '外环慢行大道', '中环景观大道', '芦苇荡净水湿地', '雨水花园挺水植物净水湿地']",2020-01-11,TimeStandardStatus.unrecognized,"['上海市上海市上海市上海市三林谷', '上海市上海市上海市上海市外环生态廊道', '上海市上海市上海市上海市之', '上海市上海市上海市上海市之', '上海市上海市上海市上海市谷', '上海市上海市上海市上海市滨江音乐广场', '上海市上海市上海市上海市生态谷', '上海市上海市上海市上海市生态桥', '上海市上海市上海市上海市内环滨水大道', '上海市上海市上海市上海市中环景观大道', '上海市上海市上海市上海市外环慢行大道', '上海市上海市上海市上海市中环景观大道', '上海市上海市上海市上海市芦苇荡净水湿地', '上海市上海市上海市上海市雨水花园挺水植物净水湿地']",[<SpaceStandardStatus.success: '2-Success parse'>],0,0,0,0,0
贵安新区这些“海绵”很吸睛  　　今年是贵安新区海绵城市试点建设收官之年，为实现“打造全国海绵城市贵安样本”的目标，新区各个海绵项目倒排工期、强力推进。目前，新区海绵城市建设累计投资已超40亿元。  　　那么，新区海绵城市建设情况如何?资金花费如何?市民满意度又如何?日前，记者实地走访，为您作答。  　　“两湖一河” 城市净化器  　　“两湖一河”项目包含月亮湖、星月湖和车田河区域，涉及范围668公顷。截至目前，“两湖一河”项目累计完成投资约10.5亿元。  　　“‘两湖一河’项目是目前国内单体面积最大的海绵城市建设项目，也是贵安新区海绵城市试点建设的标志性项目之一。”中交贵州海绵城市投资建设有限公司副总经理卢金山说。  　　日前，记者在月亮湖二期项目现场看到，工人们正在公园内做景观绿化管理养护工作。走在月亮湖公园，脚底下踩的都是生态砖。生态砖下面连接盲管，具有良好的渗透性。下雨时，雨水可以渗透进绿地存储起来，在干旱时再释放出来。  　　下凹式绿地、卵石渗井、蓄水池、植草沟、雨水花园、溢流井……这些设施，都和生态砖一样，是贵安新区推进“两湖一河”海绵城市建设的重要“零部件”。  　　这些“零部件”除了可以加快雨天透水和雨水收集，有效提高城市排水系统的标准，缓减城市内涝压力外，对河、湖、池塘、绿地、花园等自然“海绵体”，也起到很好的保护作用。  　　随后，记者来到位于月亮湖上游的“两湖一河”项目芦官村污水处理站，这里的海绵改造提升工程已基本完工。  　　“芦官村污水处理站可以有效解决周边生产生活污水问题。”卢金山说，这个项目，新区投资了1300余万元。  　　据了解，在污水处理站下游有一片功能性湿地，专门对处理后的污水进行再次深度处理，在将污水净化到地表四类水的标准后，统一排放到月亮湖。据悉，在“两湖一河”流域生活污水处理过程中，不添加任何化学药剂，不产生任何二次污染。  　　“在建设中，我们都是围绕着海绵城市的几大总体目标，比如水安全保障、水资源保护、水生态修复等来做具体的工作。”卢金山表示，“除了海绵城市的建设，我们还要落实项目配套景观的打造、特色文化的植入等工作。”  　　据悉，“两湖一河”项目不仅是城市的“净化器”，也是绿色生态景点，游人可以在这里享受“深氧呼吸”。  　　目前，中交贵州海绵城市投资建设有限公司正按照国家海绵城市试点终期考核的相关要求，进行完工区的收尾及优化提升工作。  　　新时代大道 雨天行车不溅水  　　“前段时间，连日强降雨导致多地路面积水严重，车辆难行。但在我上班必经之路——新时代大道，地面几乎没有积水，车辆行驶完全不受影响。”家住贵阳市的小杨说，他在贵安新区某单位上班，下雨天开车经过新区新时代大道时，几乎没有水溅起来。  　　据悉，新时代大道是贵安新区结构性主干路，全长10公里，红线宽100米，双向十四车道，呈东西走向，两侧设置非机动车道及人行道，人行道外侧设置绿化带。  　　新时代大道之所以强降雨也不积水，还是要归功于海绵城市建设。  　　“在新时代大道的主路机动车道上，我们铺设了2米宽的下凹式绿地，在人行道上采用透水铺装，大道两边还有宽度为10米的中央绿化带。通过这一系列建造，可以达到雨水快速下渗、蒸发、净化、滞留的效果。当总降雨量超过年径流控制量目标时，雨水还会通过溢流口进入雨水管网。”贵安新区建投公司驻现场工程师徐德志说。  　　在新时代大道的海绵城市建设中，设计采用了多种新工艺和新技术，增加了美观度与实用性。“在设计上，我们将雨水检查井改造为复合材料溢流井，这样，既保证了井盖的强度与硬度，又增强景观效果。”徐德志说。  　　此外，新时代大道还采用了复合材料及卵石制作雨水过滤池。雨水过滤池四面开孔，外包土工布，保证了过滤及透水功能，为路面雨水净化增设了一道屏障。  　　“新时代大道建成后经受了多次强降雨考验，效果十分好。”徐德志说。  　　截至目前，新时代大道海绵投资21062.9万元，现已完成19053.2万元，完成90.5%。,['贵安新区这些“海绵”很吸睛  \u3000\u3000今年是贵安新区海绵城市试点建设收官之年，为实现“打造全国海绵城市贵安样本”的目标，新区各个海绵项目倒排工期、强力推进。目前，新区海绵城市建设累计投资已超40亿元。  \u3000\u3000那么，新区海绵城市建设情况如何?资金花费如何?市民满意度又如何?日前，记者实地走访，为您作答。  \u3000\u3000“两湖一河” 城市净化器  \u3000\u3000“两湖一河”项目包含月亮湖、星月湖和车田河区域，涉及范围668公顷。截至目前，“两湖一河”项目累计完成投资约10.5亿元。  \u3000\u3000“‘两湖一河’项目是目前国内单体面积最大的海绵城市建设项目，也是贵安新区海绵城市试点建设的标志性项目之一。”中交贵州海绵城市投资建设有限公司副总经理卢金山说。  \u3000\u3000日前，记者在月亮湖二期项目现场看到，工人们正在公园内做景观绿化管理养护工作。走在月亮湖公园，脚底下踩的都是生态砖。生态砖下面连接盲管，具有良好的渗透性。下雨时，雨水可以渗透进绿地存储起来，在干旱时再释放出来。  \u3000\u3000下凹式绿地、卵石渗井、蓄水池、植草沟、雨水花园、溢流井……这些设施，都和生态砖一样，是贵安新区推进“两湖一河”海绵城市建设的重要“零部件”。  \u3000\u3000这些“零部件”除了可以加快雨天透水和雨水收集，有效提高城市排水系统的标准，缓减城市内涝压力外，对河、湖、池塘、绿地、花园等自然“海绵体”，也起到很好的保护作用。  \u3000\u3000随后，记者来到位于月亮湖上游的“两湖一河”项目芦官村污水处理站，这里的海绵改造提升工程已基本完工。  \u3000\u3000“芦官村污水处理站可以有效解决周边生产生活污水问题。”卢金山说，这个项目，新区投资了1300余万元。  \u3000\u3000据了解，在污水处理站下游有一片功能性湿地，专门对处理后的污水进行再次深度处理，在将污水净化到地表四类水的标准后，统一排放到月亮湖。据悉，在“两湖一河”流域生活污水处理过程中，不添加任何化学药剂，不产生任何二次污染。  \u3000\u3000“在建设中，我们都是围绕着海绵城市的几大总体目标，比如水安全保障、水资源保护、水生态修复等来做具体的工作。”卢金山表示，“除了海绵城市的建设，我们还要落实项目配套景观的打造、特色文化的植入等工作。”  \u3000\u3000据悉，“两湖一河”项目不仅是城市的“净化器”，也是绿色生态景点，游人可以在这里享受“深氧呼吸”。  \u3000\u3000目前，中交贵州海绵城市投资建设有限公司正按照国家海绵城市试点终期考核的相关要求，进行完工区的收尾及优化提升工作。  \u3000\u3000新时代大道 雨天行车不溅水  \u3000\u3000“前段时间，连日强降雨导致多地路面积水严重，车辆难行。但在我上班必经之路——新时代大道，地面几乎没有积水，车辆行驶完全不受影响。”家住贵阳市的小杨说，他在贵安新区某单位上班，下雨天开车经过新区新时代大道时，几乎没有水溅起来。  \u3000\u3000据悉，新时代大道是贵安新区结构性主干路，全长10公里，红线宽100米，双向十四车道，呈东西走向，两侧设置非机动车道及人行道，人行道外侧设置绿化带。  \u3000\u3000新时代大道之所以强降雨也不积水，还是要归功于海绵城市建设。  \u3000\u3000“在新时代大道的主路机动车道上，我们铺设了2米宽的下凹式绿地，在人行道上采用透水铺装，大道两边还有宽度为10米的中央绿化带。通过这一系列建造，可以达到雨水快速下渗、蒸发、净化、滞留的效果。当总降雨量超过年径流控制量目标时，雨水还会通过溢流口进入雨水管网。”贵安新区建投公司驻现场工程师徐德志说。  \u3000\u3000在新时代大道的海绵城市建设中，设计采用了多种新工艺和新技术，增加了美观度与实用性。“在设计上，我们将雨水检查井改造为复合材料溢流井，这样，既保证了井盖的强度与硬度，又增强景观效果。”徐德志说。  \u3000\u3000此外，新时代大道还采用了复合材料及卵石制作雨水过滤池。雨水过滤池四面开孔，外包土工布，保证了过滤及透水功能，为路面雨水净化增设了一道屏障。  \u3000\u3000“新时代大道建成后经受了多次强降雨考验，效果十分好。”徐德志说。  \u3000\u3000截至目前，新时代大道海绵投资21062.9万元，现已完成19053.2万元，完成90.5%。'],2020-01-11 15:56:56,[],"['贵安', '贵', '安新区', '贵', '贵', '安新区', '贵', '贵阳市', '贵安']","['月亮湖公园', '芦官村污水处理', '芦官村污水处理', '新时代大道', '新时代大道', '新时代大道', '新时代大道', '新时代大道', '新时代大道海绵']",2020-01-11,TimeStandardStatus.unrecognized,"['贵州省贵阳市月亮湖公园', '贵州省贵阳市芦官村污水处理', '贵州省贵阳市芦官村污水处理', '贵州省贵阳市新时代大道', '贵州省贵阳市新时代大道', '贵州省贵阳市新时代大道', '贵州省贵阳市新时代大道', '贵州省贵阳市新时代大道', '贵州省贵阳市新时代大道海绵']",[<SpaceStandardStatus.success: '2-Success parse'>],0,0,0,0,0
  近日，原老百货公司家属院、原油脂化工厂片区内房屋建筑相继拆除，小区拆迁改造工作取得实质性进展。利津县人大常委会副主任徐中华，副县长王乃全现场督导拆迁改造工作。  原老百货公司家属院、原油脂化工厂片区作为利津县老旧小区，由于房屋建设年限长，配套设施不完善、居住环境差，特别是小区地势低洼，雨季内涝严重，经常被淹，严重影响了群众的居住环境和生活质量。  2019年，利津县委十三届五次全会提出了“148”工作体系，决定实施品质城市攻坚行动，利津县委、县政府以保障和改善民生作为城市建设发展的出发点和落脚点，将老旧小区征收改造作为一项关注民生、惠及百姓的重要民心工程来抓，将原老百货公司家属院、原油脂化工厂片区征收改造工作列入了全县2020年重点项目。  根据国家老旧小区改造政策和我县实际情况，利津县住房和城乡建设局提前谋划2020年全县重点项目及房屋征收工作，于去年10月份开始，成立了棚户区工作专班，扎实开展入户走访、政策宣讲等工作，研究制定棚户区和老旧小区改造方案和计划。在工作推进中，专班成员加班加点、攻坚克难、勇于担当，通过大量认真细致的工作，提前完成了两个片区的征收改造任务。,['  近日，原老百货公司家属院、原油脂化工厂片区内房屋建筑相继拆除，小区拆迁改造工作取得实质性进展。利津县人大常委会副主任徐中华，副县长王乃全现场督导拆迁改造工作。  原老百货公司家属院、原油脂化工厂片区作为利津县老旧小区，由于房屋建设年限长，配套设施不完善、居住环境差，特别是小区地势低洼，雨季内涝严重，经常被淹，严重影响了群众的居住环境和生活质量。  2019年，利津县委十三届五次全会提出了“148”工作体系，决定实施品质城市攻坚行动，利津县委、县政府以保障和改善民生作为城市建设发展的出发点和落脚点，将老旧小区征收改造作为一项关注民生、惠及百姓的重要民心工程来抓，将原老百货公司家属院、原油脂化工厂片区征收改造工作列入了全县2020年重点项目。  根据国家老旧小区改造政策和我县实际情况，利津县住房和城乡建设局提前谋划2020年全县重点项目及房屋征收工作，于去年10月份开始，成立了棚户区工作专班，扎实开展入户走访、政策宣讲等工作，研究制定棚户区和老旧小区改造方案和计划。在工作推进中，专班成员加班加点、攻坚克难、勇于担当，通过大量认真细致的工作，提前完成了两个片区的征收改造任务。'],2020-01-14 15:34:47,['去年10月份'],"['利津县', '利津县']","['原油脂化工', '老百货公司家属院', '原油脂化工厂片区', '老百货公司家属院']",['2020-01-14'],[<TimeStandardStatus.Not_time_point: '1-Not time point'>],"['山东省东营市利津县利津县原油脂化工', '山东省东营市利津县利津县老百货公司家属院', '山东省东营市利津县利津县原油脂化工厂片区', '山东省东营市利津县利津县老百货公司家属院']",[<SpaceStandardStatus.success: '2-Success parse'>],0,0,0,0,0
每年雨季城区内涝一直是绵阳的“阵痛”：三里桥、剑门路、一号桥、饮马桥……不但严重影响车辆通行，带来大面积拥堵，居住在附近的市民出行也因此受到困扰。从2018年开始，我市集中对城区内涝点进行提升改造，加大防水排涝力度。如今，绵阳城区已逐步告别雨季“出门看海”的窘境，体会到切身变化的市民纷纷点赞：这一件民生实事建在了老百姓的心坎上。  长久以来，剑门路片区因地势总体北高南低，无法满足整个片区雨水过水流量要求，每到汛期，低洼地段就会积水。为了彻底解决这一“顽疾”，2016年年底，剑门路综合改造工程开工，2018年9月剑门路雨水泵站建成，剑门路完工通车，道路下的排水主箱涵建成，并下穿花园铁路立交桥至万向西街莎拉区域。目前，市住建委与高新区管委会正在制订后续工程方案，加快推进工程进度，力争在2020年汛期前贯通片区排洪通道。,['每年雨季城区内涝一直是绵阳的“阵痛”：三里桥、剑门路、一号桥、饮马桥……不但严重影响车辆通行，带来大面积拥堵，居住在附近的市民出行也因此受到困扰。从2018年开始，我市集中对城区内涝点进行提升改造，加大防水排涝力度。如今，绵阳城区已逐步告别雨季“出门看海”的窘境，体会到切身变化的市民纷纷点赞：这一件民生实事建在了老百姓的心坎上。  长久以来，剑门路片区因地势总体北高南低，无法满足整个片区雨水过水流量要求，每到汛期，低洼地段就会积水。为了彻底解决这一“顽疾”，2016年年底，剑门路综合改造工程开工，2018年9月剑门路雨水泵站建成，剑门路完工通车，道路下的排水主箱涵建成，并下穿花园铁路立交桥至万向西街莎拉区域。目前，市住建委与高新区管委会正在制订后续工程方案，加快推进工程进度，力争在2020年汛期前贯通片区排洪通道。'],2020-01-14 15:36:22,['2018年9月'],"['绵阳', '绵阳']","['三', '里', '桥', '剑门路', '一', '号', '桥', '饮马桥', '剑门路', '剑门路雨水泵站', '剑门路', '花园铁路立交桥', '万向西街']",[],[],"['四川省绵阳市绵阳市三', '四川省绵阳市绵阳市里', '四川省绵阳市绵阳市桥', '四川省绵阳市绵阳市剑门路', '四川省绵阳市绵阳市一', '四川省绵阳市绵阳市号', '四川省绵阳市绵阳市桥', '四川省绵阳市绵阳市饮马桥', '四川省绵阳市绵阳市剑门路', '四川省绵阳市绵阳市剑门路雨水泵站', '四川省绵阳市绵阳市剑门路', '四川省绵阳市绵阳市花园铁路立交桥', '四川省绵阳市绵阳市万向西街']",[<SpaceStandardStatus.success: '2-Success parse'>],0,0,0,0,0
9日，以色列受到暴雨侵袭，由于基础排水设施不足，造成数个城市都出现大面积淹水，至少有7人因此丧生。而以色列南部的哈佐尔空军基地也难以幸免，在短短半小时内涌进大量洪水，8架被保存在地下机库的F-16战斗机都成为泡水机。然而军方在发现泡水机事件之后，起初还以威胁国家安全为由禁止媒体报导此事，直到13日才出面坦承此事。  土豪的世界我们不懂，难道是修建排水系统比战机费用昂贵,['9日，以色列受到暴雨侵袭，由于基础排水设施不足，造成数个城市都出现大面积淹水，至少有7人因此丧生。而以色列南部的哈佐尔空军基地也难以幸免，在短短半小时内涌进大量洪水，8架被保存在地下机库的F-16战斗机都成为泡水机。然而军方在发现泡水机事件之后，起初还以威胁国家安全为由禁止媒体报导此事，直到13日才出面坦承此事。  土豪的世界我们不懂，难道是修建排水系统比战机费用昂贵'],2020-01-14 17:06:51,[],"['以色列', '以色列']",['哈佐尔空军基地'],2020-01-14,TimeStandardStatus.unrecognized,Foreign,SpaceStandardStatus.foreign,0,0,0,0,0
    近日，原老百货公司家属院、原油脂化工厂片区内房屋建筑相继拆除，小区拆迁改造工作取得实质性进展。利津县人大常委会副主任徐中华，副县长王乃全现场督导拆迁改造工作。  原老百货公司家属院、原油脂化工厂片区作为我县老旧小区，由于房屋建设年限长，配套设施不完善、居住环境差，特别是小区地势低洼，雨季内涝严重，经常被淹，严重影响了群众的居住环境和生活质量。  2019年，利津县委十三届五次全会提出了“148”工作体系，决定实施品质城市攻坚行动，县委、县政府以保障和改善民生作为城市建设发展的出发点和落脚点，将老旧小区征收改造作为一项关注民生、惠及百姓的重要民心工程来抓，将原老百货公司家属院、原油脂化工厂片区征收改造工作列入了全县2020年重点项目。  根据国家老旧小区改造政策和我县实际情况，县住房和城乡建设局提前谋划2020年全县重点项目及房屋征收工作，于去年10月份开始，成立了棚户区工作专班，扎实开展入户走访、政策宣讲等工作，研究制定棚户区和老旧小区改造方案和计划。在工作推进中，专班成员加班加点、攻坚克难、勇于担当，通过大量认真细致的工作，提前完成了两个片区的征收,['    近日，原老百货公司家属院、原油脂化工厂片区内房屋建筑相继拆除，小区拆迁改造工作取得实质性进展。利津县人大常委会副主任徐中华，副县长王乃全现场督导拆迁改造工作。  原老百货公司家属院、原油脂化工厂片区作为我县老旧小区，由于房屋建设年限长，配套设施不完善、居住环境差，特别是小区地势低洼，雨季内涝严重，经常被淹，严重影响了群众的居住环境和生活质量。  2019年，利津县委十三届五次全会提出了“148”工作体系，决定实施品质城市攻坚行动，县委、县政府以保障和改善民生作为城市建设发展的出发点和落脚点，将老旧小区征收改造作为一项关注民生、惠及百姓的重要民心工程来抓，将原老百货公司家属院、原油脂化工厂片区征收改造工作列入了全县2020年重点项目。  根据国家老旧小区改造政策和我县实际情况，县住房和城乡建设局提前谋划2020年全县重点项目及房屋征收工作，于去年10月份开始，成立了棚户区工作专班，扎实开展入户走访、政策宣讲等工作，研究制定棚户区和老旧小区改造方案和计划。在工作推进中，专班成员加班加点、攻坚克难、勇于担当，通过大量认真细致的工作，提前完成了两个片区的征收'],2020-01-14 17:14:43,['去年10月份'],,"['原油脂化工', '老百货公司家属院', '原油脂化工厂片区', '老百货公司家属院']",['2020-01-14'],[<TimeStandardStatus.Not_time_point: '1-Not time point'>],Nodata,SpaceStandardStatus.miss_gpe,0,0,0,0,0
海绵城市：让城市生活更美好  我区是北京市海绵城市建设试点区，2019年代表北京市入围了由财政部、住房城乡建设部、水利部联合审定的试点城市。经过3年的实践探索，试点区内城市内涝基本消除、河湖环境质量得到改善、市民生活品质得到提升、群众获得感增强。 　　 海绵城市，使雨水收集下渗系统不再是一味地将雨水排到路面和市政管网，而是经过处理后再浇灌绿地，成了一块集雨节水的“绿色海绵”。这一设计在集约利用水资源的同时，也能让公园的游园体验更加舒适。除减河公园外，西海子公园、永顺城市公园、梨园森林公园等都是以“海绵”理念建设的公园。 　　 不仅如此，海绵化设计还被充分引入城市绿道建设中，城市居民的休闲游憩空间大幅增加，城市变得更加宜居。按照海绵城市理念，我区在多处绿道建设中采用了透水铺装、雨水花园、下沉式绿地、立体绿化、蓄水池、植草沟等措施。 　　 海绵城市建设的推进，更让一些街道、社区的内涝问题迎刃而解。 　　 作为我区最早进行海绵城市改造的地点，紫荆雅园、武夷花园、BOBO自由城等社区，各种排水、渗透装置把它变成了一块“海绵”。 　　 此外，海绵化改造项目通过“渗、滞、蓄、净、用、排”措施，改善小区硬化地面积水问题，做到小雨不积水，大雨不内涝，让居民在小区内进行休闲、锻炼等活动更舒适。而收集的雨水又可进行综合利用，如进行绿化喷淋、路面冲洗等，不仅节约了水资源，也减轻住户的公共用水负担。 　　 通过三年多的试点建设，目前全区试点内18个老旧小区、6所幼儿园和学校、6处公园广场进行了全面改造，总面积130余万平米，2万余居民受益。 　　 区海绵办相关负责人表示，目前全区初步形成了一套可复制、可推广、具有北京特色的海绵城市建设经验模式，将应用于海绵城市的推广。接下来将发挥试点带动作用，高标准建设好城市绿心、文化旅游区等重点项目和重点片区，并按照海绵专项规划和实施方案，确保2020年20%的建成区面积达到海绵城市建设目标；同时，在新建区按照已形成的海绵城市建设模式和管控流程，落实海绵城市理念和实现规划目标；正在编制《北京城市副中心海绵城市建设实施方案》，2022年城市副中心建成区面积的35%达到海绵城市要求。,['海绵城市：让城市生活更美好  我区是北京市海绵城市建设试点区，2019年代表北京市入围了由财政部、住房城乡建设部、水利部联合审定的试点城市。经过3年的实践探索，试点区内城市内涝基本消除、河湖环境质量得到改善、市民生活品质得到提升、群众获得感增强。 \u3000\u3000 海绵城市，使雨水收集下渗系统不再是一味地将雨水排到路面和市政管网，而是经过处理后再浇灌绿地，成了一块集雨节水的“绿色海绵”。这一设计在集约利用水资源的同时，也能让公园的游园体验更加舒适。除减河公园外，西海子公园、永顺城市公园、梨园森林公园等都是以“海绵”理念建设的公园。 \u3000\u3000 不仅如此，海绵化设计还被充分引入城市绿道建设中，城市居民的休闲游憩空间大幅增加，城市变得更加宜居。按照海绵城市理念，我区在多处绿道建设中采用了透水铺装、雨水花园、下沉式绿地、立体绿化、蓄水池、植草沟等措施。 \u3000\u3000 海绵城市建设的推进，更让一些街道、社区的内涝问题迎刃而解。 \u3000\u3000 作为我区最早进行海绵城市改造的地点，紫荆雅园、武夷花园、BOBO自由城等社区，各种排水、渗透装置把它变成了一块“海绵”。 \u3000\u3000 此外，海绵化改造项目通过“渗、滞、蓄、净、用、排”措施，改善小区硬化地面积水问题，做到小雨不积水，大雨不内涝，让居民在小区内进行休闲、锻炼等活动更舒适。而收集的雨水又可进行综合利用，如进行绿化喷淋、路面冲洗等，不仅节约了水资源，也减轻住户的公共用水负担。 \u3000\u3000 通过三年多的试点建设，目前全区试点内18个老旧小区、6所幼儿园和学校、6处公园广场进行了全面改造，总面积130余万平米，2万余居民受益。 \u3000\u3000 区海绵办相关负责人表示，目前全区初步形成了一套可复制、可推广、具有北京特色的海绵城市建设经验模式，将应用于海绵城市的推广。接下来将发挥试点带动作用，高标准建设好城市绿心、文化旅游区等重点项目和重点片区，并按照海绵专项规划和实施方案，确保2020年20%的建成区面积达到海绵城市建设目标；同时，在新建区按照已形成的海绵城市建设模式和管控流程，落实海绵城市理念和实现规划目标；正在编制《北京城市副中心海绵城市建设实施方案》，2022年城市副中心建成区面积的35%达到海绵城市要求。'],2020-01-15 10:09:01,[],"['北京市', '北京市', '北京']","['减河公园', '西海子公园', '永顺城市公园', '梨园森林公园', '紫荆雅园', '武夷花园', '自由城', '北京城市副中心海绵城市建设实施方案']",2020-01-15,TimeStandardStatus.unrecognized,"['北京市北京市北京市北京市北京市北京市减河公园', '北京市北京市北京市北京市北京市北京市西海子公园', '北京市北京市北京市北京市北京市北京市永顺城市公园', '北京市北京市北京市北京市北京市北京市梨园森林公园', '北京市北京市北京市北京市北京市北京市紫荆雅园', '北京市北京市北京市北京市北京市北京市武夷花园', '北京市北京市北京市北京市北京市北京市自由城', '北京市北京市北京市北京市北京市北京市北京城市副中心海绵城市建设实施方案']",[<SpaceStandardStatus.success: '2-Success parse'>],0,0,0,0,0
由庐阳区园林绿化管理中心负责实施的腊花路、双水路、阜阳北路集贸市场道路3条道路积涝点改造项目已于2019年12月底开工建设。积涝点改造项目的实施，将解决3条道路所在区域因雨水收水井分布较少、排水管网标准不足、局部管网病害缺陷等原因所造成的积水内涝问题，进一步提升道路沿线的防洪排涝能力，优化城市人居环境，改善市民生活质量。目前，该项目正在施工中，预计2020年5月份全面完工。,['由庐阳区园林绿化管理中心负责实施的腊花路、双水路、阜阳北路集贸市场道路3条道路积涝点改造项目已于2019年12月底开工建设。积涝点改造项目的实施，将解决3条道路所在区域因雨水收水井分布较少、排水管网标准不足、局部管网病害缺陷等原因所造成的积水内涝问题，进一步提升道路沿线的防洪排涝能力，优化城市人居环境，改善市民生活质量。目前，该项目正在施工中，预计2020年5月份全面完工。'],2020-01-15 15:18:09,"['2019年12月底', '2020年5月份']",,"['腊花路', '双水路', '阜阳北路', '集贸市场道路']",['2020-01-15'],[<TimeStandardStatus.Not_time_point: '1-Not time point'>],Nodata,SpaceStandardStatus.miss_gpe,0,0,0,0,0
"   “政府工作报告延续了‘以人民为中心’的主旨，贯穿了执政为民的主线，传递出省委省政府浓浓的民生情怀。”在省十三届人大四次会议期间，省人大代表、西宁市城北区委书记赵宁军在接受本报记者采访时说，近年来，城北区以习近平新时代中国特色社会主义思想为指引，按照省委省政府的战略部署和市委市政府的工作要求，始终牢固树立以人民为中心的发展思想，把改善民生、维护民利、实现民愿作为各项工作的出发点和落脚点，已经连续7年将八成以上的财政支出投向了民生领域和基础设施建设，把有限的财政资金用在了“刀刃”上，着力补齐城市基础设施建设上的短板。下一步，城北区将认真贯彻此次省“两会”精神，以实际行动答好城市基础设施建设的民生答卷。  从旧到新，城乡面貌持续优化  赵宁军介绍说，城北区牢牢抓住省市委推动新型城镇化建设的有力契机，把改善城乡基础设施条件作为全区最基本、最重要的工作来抓，举全区之力全面实施了门源路片区、北山市场片区等综合改造项目，城市整体面貌显著提升。大力实施莫家庄、陶南等16个村的新村安置房建设，对114个老旧破旧居民小区进行了综合整治，群众人居环境得到普遍改善。全面实施了北川河口至天峻桥两侧长约5.9公里的北川河滨水绿道项目，连通便捷、惠及民生的绿道体系逐步成型。大规模开展国土绿化行动，新增绿化面积2.47万平方米，城区绿化覆盖率达到45.49%，绿地率达到43.24%，人均公共绿地达到12平方米。通过棚户改造、景观绿化、美化亮化，以及新建改造公园、广场、景观，多年来城区面貌破旧的“老大难”问题正在加快解决，基础设施陈旧的“硬骨头”正在逐步攻克。  从无到有，路网体系不断完善  按照“小城建、大民生”的工作思路，以改善群众出行环境和提升城区品位为目标，自2017年以来，城北区累计投入7835万元，相继实施了祁家城规划路、北川滨河东路、博雅小学路等14条小城建项目，打通了长期影响群众出行“断头路”；配合省市相关部门实施老宁大路改造、宁大路大修工作，完成了朝阳西路、建设巷31号院道路改扩建项目，整修人行道2.2万平方米，改善了存在安全隐患的“磨脚路”；扎实推进了城市地下综合管廊建设，投入资金7030万元，相继实施了西站一巷、海西西路、朝阳二巷等7条道路的雨污分流改造提升项目，加快供水、污水、雨水、供热、通信等各类地下管网改造升级，疏通了群众反映强烈“积水路”。  赵宁军表示，目前，困扰城区交通多年的“中梗阻”问题明显解决，城市道路交通体系日趋完善，下雨不积水、大雨不内涝目标在逐步实现。  从粗到细，市政管理水平不断提升  城北区牢固树立“市政无小事，件件关民生”服务理念，对管辖的38条区管道路及其附属市政设施、4座桥梁、15座人行天桥、4条街道路灯等进行全面普查建档，系统掌握了区域内市政设施具体情况，并采取“划片巡查，重点巡查，责任巡查”的巡查方式，做到发现一处，修复一处，切实形成“日日管、月月护”的长效管护机制，切实把安全隐患和不良影响消除在萌芽状态，确保市政基础设施的安全正常运行。  2019年，城北全区修复车行道路约5837平方米，人行道1094平方米，道路缘石护栏1660米,维修更换井盖、雨水箅子159套，清理道路“绊脚石”2448处，确保了辖区路平、桥安、景美。  赵宁军说，未来，城北区将始终以习近平新时代中国特色社会主义思想为指引，坚持以人民为中心的发展思想，把抓好城市基础设施建设作为实现人民群众美好生活的“必答题”，围绕推进新型城镇化建设战略部署，坚持“规划引领、民生优先、安全为重、绿色优先”的基本原则，加快城市公共道路建设，加强对城区主干道及附属设施维修整治，继续做好宁大路改造、门源路改扩建等项目的服务工作，抓好朝阳东路改扩建及四号路、五号路等8条道路建设前期征收工作，实施朝阳西路改扩建等小城建项目，谋划实施建北巷等2个雨污分流改造项目，年内完成181座厕所新改建任务。同时，加大对背街小巷、老旧小区、农贸市场的改造提升力度，加快完善道路、消防、安防、停车、充电、照明、网络等公共基础设施功能，让群众出行更便捷、生态环境更优美、生活环境更宜居，筑牢“新时代幸福西宁”的民心长城。 （记者 王琼）","['   “政府工作报告延续了‘以人民为中心’的主旨，贯穿了执政为民的主线，传递出省委省政府浓浓的民生情怀。”在省十三届人大四次会议期间，省人大代表、西宁市城北区委书记赵宁军在接受本报记者采访时说，近年来，城北区以习近平新时代中国特色社会主义思想为指引，按照省委省政府的战略部署和市委市政府的工作要求，始终牢固树立以人民为中心的发展思想，把改善民生、维护民利、实现民愿作为各项工作的出发点和落脚点，已经连续7年将八成以上的财政支出投向了民生领域和基础设施建设，把有限的财政资金用在了“刀刃”上，着力补齐城市基础设施建设上的短板。下一步，城北区将认真贯彻此次省“两会”精神，以实际行动答好城市基础设施建设的民生答卷。  从旧到新，城乡面貌持续优化  赵宁军介绍说，城北区牢牢抓住省市委推动新型城镇化建设的有力契机，把改善城乡基础设施条件作为全区最基本、最重要的工作来抓，举全区之力全面实施了门源路片区、北山市场片区等综合改造项目，城市整体面貌显著提升。大力实施莫家庄、陶南等16个村的新村安置房建设，对114个老旧破旧居民小区进行了综合整治，群众人居环境得到普遍改善。全面实施了北川河口至天峻桥两侧长约5.9公里的北川河滨水绿道项目，连通便捷、惠及民生的绿道体系逐步成型。大规模开展国土绿化行动，新增绿化面积2.47万平方米，城区绿化覆盖率达到45.49%，绿地率达到43.24%，人均公共绿地达到12平方米。通过棚户改造、景观绿化、美化亮化，以及新建改造公园、广场、景观，多年来城区面貌破旧的“老大难”问题正在加快解决，基础设施陈旧的“硬骨头”正在逐步攻克。  从无到有，路网体系不断完善  按照“小城建、大民生”的工作思路，以改善群众出行环境和提升城区品位为目标，自2017年以来，城北区累计投入7835万元，相继实施了祁家城规划路、北川滨河东路、博雅小学路等14条小城建项目，打通了长期影响群众出行“断头路”；配合省市相关部门实施老宁大路改造、宁大路大修工作，完成了朝阳西路、建设巷31号院道路改扩建项目，整修人行道2.2万平方米，改善了存在安全隐患的“磨脚路”；扎实推进了城市地下综合管廊建设，投入资金7030万元，相继实施了西站一巷、海西西路、朝阳二巷等7条道路的雨污分流改造提升项目，加快供水、污水、雨水、供热、通信等各类地下管网改造升级，疏通了群众反映强烈“积水路”。  赵宁军表示，目前，困扰城区交通多年的“中梗阻”问题明显解决，城市道路交通体系日趋完善，下雨不积水、大雨不内涝目标在逐步实现。  从粗到细，市政管理水平不断提升  城北区牢固树立“市政无小事，件件关民生”服务理念，对管辖的38条区管道路及其附属市政设施、4座桥梁、15座人行天桥、4条街道路灯等进行全面普查建档，系统掌握了区域内市政设施具体情况，并采取“划片巡查，重点巡查，责任巡查”的巡查方式，做到发现一处，修复一处，切实形成“日日管、月月护”的长效管护机制，切实把安全隐患和不良影响消除在萌芽状态，确保市政基础设施的安全正常运行。  2019年，城北全区修复车行道路约5837平方米，人行道1094平方米，道路缘石护栏1660米,维修更换井盖、雨水箅子159套，清理道路“绊脚石”2448处，确保了辖区路平、桥安、景美。  赵宁军说，未来，城北区将始终以习近平新时代中国特色社会主义思想为指引，坚持以人民为中心的发展思想，把抓好城市基础设施建设作为实现人民群众美好生活的“必答题”，围绕推进新型城镇化建设战略部署，坚持“规划引领、民生优先、安全为重、绿色优先”的基本原则，加快城市公共道路建设，加强对城区主干道及附属设施维修整治，继续做好宁大路改造、门源路改扩建等项目的服务工作，抓好朝阳东路改扩建及四号路、五号路等8条道路建设前期征收工作，实施朝阳西路改扩建等小城建项目，谋划实施建北巷等2个雨污分流改造项目，年内完成181座厕所新改建任务。同时，加大对背街小巷、老旧小区、农贸市场的改造提升力度，加快完善道路、消防、安防、停车、充电、照明、网络等公共基础设施功能，让群众出行更便捷、生态环境更优美、生活环境更宜居，筑牢“新时代幸福西宁”的民心长城。 （记者 王琼）']",2020-01-18 09:20:08,[],"['西宁市', '城北', '中国', '门源', '陶南', '中国', '西宁']","['北川河口', '天峻桥', '北川河滨水绿道', '祁家城规', '划路', '北川滨河东路', '博雅小学路', '老宁大路', '宁大', '路', '朝阳西路', '建设巷', '西站一', '海西西路', '朝阳二巷', '宁大', '路', '门源', '朝阳', '东路', '四', '号', '路', '五号', '路', '朝阳西路', '建北巷']",2020-01-18,TimeStandardStatus.unrecognized,"['青海省西宁市西宁市北川河口', '青海省西宁市西宁市天峻桥', '青海省西宁市西宁市北川河滨水绿道', '青海省西宁市西宁市祁家城规', '青海省西宁市西宁市划路', '青海省西宁市西宁市北川滨河东路', '青海省西宁市西宁市博雅小学路', '青海省西宁市西宁市老宁大路', '青海省西宁市西宁市宁大', '青海省西宁市西宁市路', '青海省西宁市西宁市朝阳西路', '青海省西宁市西宁市建设巷', '青海省西宁市西宁市西站一', '青海省西宁市西宁市海西西路', '青海省西宁市西宁市朝阳二巷', '青海省西宁市西宁市宁大', '青海省西宁市西宁市路', '青海省西宁市西宁市门源', '青海省西宁市西宁市朝阳', '青海省西宁市西宁市东路', '青海省西宁市西宁市四', '青海省西宁市西宁市号', '青海省西宁市西宁市路', '青海省西宁市西宁市五号', '青海省西宁市西宁市路', '青海省西宁市西宁市朝阳西路', '青海省西宁市西宁市建北巷']",[<SpaceStandardStatus.success: '2-Success parse'>],0,0,0,0,0
澳洲发生灾难性山火后，近日出现暴雨连场，黄金海岸、布里斯班等地出现「百年一遇」的暴风雨，有助阻止火势蔓延，惟暴雨致道路截断、停电，华纳兄弟电影世界等4个主题公园亦要停开。  近日出现反常暴雨，昆士兰省尤其严重，东南岸一夜降雨多逾300毫米，部分地方如Monterey Keys，两小时就录得逾146毫米降雨量，黄金海岸的12个小时降雨相当于平时1个月的3倍。  气象局称为「百年一遇」，且预计今、明两日仍将持续大雨和雷暴，使水浸地带南扩。新南威尔士省的山林大火火场因雨减半，由上周日的111处降至昨天下午的69处，预料未来3天，可能会出现强风及暴雨。  昆士兰州的官员呼吁民众提高警觉，预料大雨过后，黄金海岸的沙滩，会出现湍急的水流和垃圾。,['澳洲发生灾难性山火后，近日出现暴雨连场，黄金海岸、布里斯班等地出现「百年一遇」的暴风雨，有助阻止火势蔓延，惟暴雨致道路截断、停电，华纳兄弟电影世界等4个主题公园亦要停开。  近日出现反常暴雨，昆士兰省尤其严重，东南岸一夜降雨多逾300毫米，部分地方如Monterey Keys，两小时就录得逾146毫米降雨量，黄金海岸的12个小时降雨相当于平时1个月的3倍。  气象局称为「百年一遇」，且预计今、明两日仍将持续大雨和雷暴，使水浸地带南扩。新南威尔士省的山林大火火场因雨减半，由上周日的111处降至昨天下午的69处，预料未来3天，可能会出现强风及暴雨。  昆士兰州的官员呼吁民众提高警觉，预料大雨过后，黄金海岸的沙滩，会出现湍急的水流和垃圾。'],2020-01-19 21:20:03,['1个月'],"['澳洲', '布里斯班', '昆士兰省', '新南威尔士省', '昆士兰州']","['黄金海岸', '华纳兄弟电影世界', '黄金海岸']",['2020-01-19'],[<TimeStandardStatus.Not_time_point: '1-Not time point'>],Foreign,SpaceStandardStatus.foreign,0,0,0,0,0
